client_id	path	sentence	up_votes	down_votes	age	gender	accents	variant	locale	segment
1df0889dc131917fcadc1f23a5ebfccc258d19c846c86f181253ebd2f4228a441bf95efd701990f481570128b479622aa04cb0dc5940fad90335f1df29c9833a	common_voice_ru_36531370.mp3	Вы скольких мест член, Николай Иваныч?	1	2	fourties	male			ru	
1df0889dc131917fcadc1f23a5ebfccc258d19c846c86f181253ebd2f4228a441bf95efd701990f481570128b479622aa04cb0dc5940fad90335f1df29c9833a	common_voice_ru_36531373.mp3	Фокусник рельсы тянет из пасти трамвая, скрыт циферблатами башни.	0	2	fourties	male			ru	
1df0889dc131917fcadc1f23a5ebfccc258d19c846c86f181253ebd2f4228a441bf95efd701990f481570128b479622aa04cb0dc5940fad90335f1df29c9833a	common_voice_ru_36531395.mp3	Если б быть мне косноязычным, как Дант или Петрарка!	1	2	fourties	male			ru	
1d616fa1b36f41495749a7364a4a1736a589375a5400d7ed127327df4e552dd5bbe4f71b608a9fa6da682debae8f2f391ae7afe43e3210eabd70a696623bc6fa	common_voice_ru_36534119.mp3	Более определенные параметры обретает сложная природа эвентуального соглашения по расщепляющемуся материалу.	0	2			без акцента		ru	
1d616fa1b36f41495749a7364a4a1736a589375a5400d7ed127327df4e552dd5bbe4f71b608a9fa6da682debae8f2f391ae7afe43e3210eabd70a696623bc6fa	common_voice_ru_36539680.mp3	Я предоставляю слово представителю Исламской Республики Иран по порядку ведения заседания.	0	2			без акцента		ru	
1d616fa1b36f41495749a7364a4a1736a589375a5400d7ed127327df4e552dd5bbe4f71b608a9fa6da682debae8f2f391ae7afe43e3210eabd70a696623bc6fa	common_voice_ru_36540603.mp3	Кто будет национализовать один другого?	2	2			без акцента		ru	
97c5319cd514d32eb50cd74603812180c7b3490f47b4b0d9707e3deea8065ca804e03cb85b039bc57d6d2eed870e11bed62131379981e042bab54ca608965d28	common_voice_ru_36541326.mp3	«Аттракцион невиданной щедрости! Купите пятьдесят рублей за сто!» — зазывал прохожих мальчишка.	0	2					ru	
97c5319cd514d32eb50cd74603812180c7b3490f47b4b0d9707e3deea8065ca804e03cb85b039bc57d6d2eed870e11bed62131379981e042bab54ca608965d28	common_voice_ru_36541328.mp3	Даве тут проехали все верхами жнею смотреть.	1	2					ru	
2498b8f6d3f13d354d51c611bb86e5b8eea2eecdd511b64290ee099ddaab22f5b788656f3ec5a6b37a99cba301095f8aef0111520e7ff033a3edf8849b64a453	common_voice_ru_36547649.mp3	А если взаимно, вскрыв мошну тугую, предлагают: – Давайте честно поторгуем!	0	2					ru	
2498b8f6d3f13d354d51c611bb86e5b8eea2eecdd511b64290ee099ddaab22f5b788656f3ec5a6b37a99cba301095f8aef0111520e7ff033a3edf8849b64a453	common_voice_ru_36547651.mp3	Мне стало лень засыпать.	0	2					ru	
2498b8f6d3f13d354d51c611bb86e5b8eea2eecdd511b64290ee099ddaab22f5b788656f3ec5a6b37a99cba301095f8aef0111520e7ff033a3edf8849b64a453	common_voice_ru_36547652.mp3	Когда обе женщины сели в коляску, на обеих вдруг нашло смущение.	0	2					ru	
1d616fa1b36f41495749a7364a4a1736a589375a5400d7ed127327df4e552dd5bbe4f71b608a9fa6da682debae8f2f391ae7afe43e3210eabd70a696623bc6fa	common_voice_ru_36599213.mp3	Размягченное сердце не могло успокоиться в его груди.	2	2			без акцента		ru	
1d616fa1b36f41495749a7364a4a1736a589375a5400d7ed127327df4e552dd5bbe4f71b608a9fa6da682debae8f2f391ae7afe43e3210eabd70a696623bc6fa	common_voice_ru_36599216.mp3	Повестку дня Генеральной Ассамблеи можно рационализировать, чтобы наши обсуждения стали более целенаправленными.	0	2			без акцента		ru	
1d616fa1b36f41495749a7364a4a1736a589375a5400d7ed127327df4e552dd5bbe4f71b608a9fa6da682debae8f2f391ae7afe43e3210eabd70a696623bc6fa	common_voice_ru_36599218.mp3	По этой причине процесс установки полностью автоматизирован	2	2			без акцента		ru	
1d616fa1b36f41495749a7364a4a1736a589375a5400d7ed127327df4e552dd5bbe4f71b608a9fa6da682debae8f2f391ae7afe43e3210eabd70a696623bc6fa	common_voice_ru_36599295.mp3	Южнокорейские власти осуществляют подобную военную провокацию даже в то время, когда ведется диалог.	2	2			без акцента		ru	
1d616fa1b36f41495749a7364a4a1736a589375a5400d7ed127327df4e552dd5bbe4f71b608a9fa6da682debae8f2f391ae7afe43e3210eabd70a696623bc6fa	common_voice_ru_36599299.mp3	Мы искренне поздравляем его с вступлением на этот пост.	0	4			без акцента		ru	
1d616fa1b36f41495749a7364a4a1736a589375a5400d7ed127327df4e552dd5bbe4f71b608a9fa6da682debae8f2f391ae7afe43e3210eabd70a696623bc6fa	common_voice_ru_36599351.mp3	Мы понимаем, что эта концепция не обеспечивает универсальное решение.	2	2			без акцента		ru	
1d616fa1b36f41495749a7364a4a1736a589375a5400d7ed127327df4e552dd5bbe4f71b608a9fa6da682debae8f2f391ae7afe43e3210eabd70a696623bc6fa	common_voice_ru_36599355.mp3	Дело не только в личной жизни.	2	2			без акцента		ru	
1d616fa1b36f41495749a7364a4a1736a589375a5400d7ed127327df4e552dd5bbe4f71b608a9fa6da682debae8f2f391ae7afe43e3210eabd70a696623bc6fa	common_voice_ru_36599479.mp3	Минута молчания, посвященная молитве или размышлению.	2	2			без акцента		ru	
1d616fa1b36f41495749a7364a4a1736a589375a5400d7ed127327df4e552dd5bbe4f71b608a9fa6da682debae8f2f391ae7afe43e3210eabd70a696623bc6fa	common_voice_ru_36599482.mp3	С первого взгляда она не очень мне понравилась.	0	4			без акцента		ru	
1d616fa1b36f41495749a7364a4a1736a589375a5400d7ed127327df4e552dd5bbe4f71b608a9fa6da682debae8f2f391ae7afe43e3210eabd70a696623bc6fa	common_voice_ru_36599490.mp3	Стоит поп на копне, колпак на попе, копна под попом, поп под колпаком.	2	4			без акцента		ru	
1d616fa1b36f41495749a7364a4a1736a589375a5400d7ed127327df4e552dd5bbe4f71b608a9fa6da682debae8f2f391ae7afe43e3210eabd70a696623bc6fa	common_voice_ru_36599542.mp3	Пустые, глупые слова!	2	2			без акцента		ru	
1d616fa1b36f41495749a7364a4a1736a589375a5400d7ed127327df4e552dd5bbe4f71b608a9fa6da682debae8f2f391ae7afe43e3210eabd70a696623bc6fa	common_voice_ru_36599573.mp3	Это новая больница.	0	2			без акцента		ru	
1d616fa1b36f41495749a7364a4a1736a589375a5400d7ed127327df4e552dd5bbe4f71b608a9fa6da682debae8f2f391ae7afe43e3210eabd70a696623bc6fa	common_voice_ru_36599622.mp3	Ассамблее предстоит иметь дело с большой и насыщенной повесткой дня.	2	2			без акцента		ru	
1d616fa1b36f41495749a7364a4a1736a589375a5400d7ed127327df4e552dd5bbe4f71b608a9fa6da682debae8f2f391ae7afe43e3210eabd70a696623bc6fa	common_voice_ru_36599623.mp3	Другого слова для этого нет.	0	4			без акцента		ru	
1d616fa1b36f41495749a7364a4a1736a589375a5400d7ed127327df4e552dd5bbe4f71b608a9fa6da682debae8f2f391ae7afe43e3210eabd70a696623bc6fa	common_voice_ru_36599624.mp3	Юля юлила, а Константин все констатировал и констатировал.	0	4			без акцента		ru	
1d616fa1b36f41495749a7364a4a1736a589375a5400d7ed127327df4e552dd5bbe4f71b608a9fa6da682debae8f2f391ae7afe43e3210eabd70a696623bc6fa	common_voice_ru_36599625.mp3	Несоблюдение Сирией ее соглашения о гарантиях также вызывает озабоченность.	0	4			без акцента		ru	
1d616fa1b36f41495749a7364a4a1736a589375a5400d7ed127327df4e552dd5bbe4f71b608a9fa6da682debae8f2f391ae7afe43e3210eabd70a696623bc6fa	common_voice_ru_36599672.mp3	Долли только что была в кабинете и предложила доктору прилечь.	0	4			без акцента		ru	
1d616fa1b36f41495749a7364a4a1736a589375a5400d7ed127327df4e552dd5bbe4f71b608a9fa6da682debae8f2f391ae7afe43e3210eabd70a696623bc6fa	common_voice_ru_36599675.mp3	Из Ирландского республиканского командования.	0	4			без акцента		ru	
1d616fa1b36f41495749a7364a4a1736a589375a5400d7ed127327df4e552dd5bbe4f71b608a9fa6da682debae8f2f391ae7afe43e3210eabd70a696623bc6fa	common_voice_ru_36599676.mp3	Тема наших сегодняшних прений — «Роль посредничества в урегулировании споров».	2	2			без акцента		ru	
1d616fa1b36f41495749a7364a4a1736a589375a5400d7ed127327df4e552dd5bbe4f71b608a9fa6da682debae8f2f391ae7afe43e3210eabd70a696623bc6fa	common_voice_ru_36599720.mp3	Это история людей, сделавших выбор между добром и злом в обществе в пользу добра.	2	2			без акцента		ru	
1d616fa1b36f41495749a7364a4a1736a589375a5400d7ed127327df4e552dd5bbe4f71b608a9fa6da682debae8f2f391ae7afe43e3210eabd70a696623bc6fa	common_voice_ru_36599729.mp3	Мы разочарованы тем, что мы вновь не смогли поддержать данный проект резолюции.	0	4			без акцента		ru	
1d616fa1b36f41495749a7364a4a1736a589375a5400d7ed127327df4e552dd5bbe4f71b608a9fa6da682debae8f2f391ae7afe43e3210eabd70a696623bc6fa	common_voice_ru_36599762.mp3	Эти страны взяли на себя роль лидера.	2	4			без акцента		ru	
1d616fa1b36f41495749a7364a4a1736a589375a5400d7ed127327df4e552dd5bbe4f71b608a9fa6da682debae8f2f391ae7afe43e3210eabd70a696623bc6fa	common_voice_ru_36599763.mp3	Савельич чуть не завыл, услышав, как нитки затрещали.	2	2			без акцента		ru	
1d616fa1b36f41495749a7364a4a1736a589375a5400d7ed127327df4e552dd5bbe4f71b608a9fa6da682debae8f2f391ae7afe43e3210eabd70a696623bc6fa	common_voice_ru_36599836.mp3	Правительствам и людям по всему миру приходится нелегко.	0	2			без акцента		ru	
1d616fa1b36f41495749a7364a4a1736a589375a5400d7ed127327df4e552dd5bbe4f71b608a9fa6da682debae8f2f391ae7afe43e3210eabd70a696623bc6fa	common_voice_ru_36599879.mp3	Действительно, мы должны сообща воспользоваться представленной нам уникальной возможностью.	2	4			без акцента		ru	
1d616fa1b36f41495749a7364a4a1736a589375a5400d7ed127327df4e552dd5bbe4f71b608a9fa6da682debae8f2f391ae7afe43e3210eabd70a696623bc6fa	common_voice_ru_36599959.mp3	Я смотрел на нее с предубеждением: Швабрин описал мне Машу, капитанскую дочь, совершенною дурочкою.	0	2			без акцента		ru	
1d616fa1b36f41495749a7364a4a1736a589375a5400d7ed127327df4e552dd5bbe4f71b608a9fa6da682debae8f2f391ae7afe43e3210eabd70a696623bc6fa	common_voice_ru_36599962.mp3	И вот возьми телеграмму, передай, что они скажут.	2	2			без акцента		ru	
1d616fa1b36f41495749a7364a4a1736a589375a5400d7ed127327df4e552dd5bbe4f71b608a9fa6da682debae8f2f391ae7afe43e3210eabd70a696623bc6fa	common_voice_ru_36599965.mp3	– У попадьи! – вскричал я с ужасом.	0	4			без акцента		ru	
1d616fa1b36f41495749a7364a4a1736a589375a5400d7ed127327df4e552dd5bbe4f71b608a9fa6da682debae8f2f391ae7afe43e3210eabd70a696623bc6fa	common_voice_ru_36599988.mp3	Левин презрительно улыбнулся.	2	4			без акцента		ru	
1d616fa1b36f41495749a7364a4a1736a589375a5400d7ed127327df4e552dd5bbe4f71b608a9fa6da682debae8f2f391ae7afe43e3210eabd70a696623bc6fa	common_voice_ru_36600040.mp3	Это единственная заслуживающая доверия мирная инициатива.	2	2			без акцента		ru	
1d616fa1b36f41495749a7364a4a1736a589375a5400d7ed127327df4e552dd5bbe4f71b608a9fa6da682debae8f2f391ae7afe43e3210eabd70a696623bc6fa	common_voice_ru_36600041.mp3	Чего бояться? Разве они кусаются?	0	4			без акцента		ru	
1d616fa1b36f41495749a7364a4a1736a589375a5400d7ed127327df4e552dd5bbe4f71b608a9fa6da682debae8f2f391ae7afe43e3210eabd70a696623bc6fa	common_voice_ru_36600045.mp3	Выражение соболезнования в связи со стихийным бедствием в Японии.	0	4			без акцента		ru	
1d616fa1b36f41495749a7364a4a1736a589375a5400d7ed127327df4e552dd5bbe4f71b608a9fa6da682debae8f2f391ae7afe43e3210eabd70a696623bc6fa	common_voice_ru_36600101.mp3	Но все равно, я люблю этот город.	0	4			без акцента		ru	
1d616fa1b36f41495749a7364a4a1736a589375a5400d7ed127327df4e552dd5bbe4f71b608a9fa6da682debae8f2f391ae7afe43e3210eabd70a696623bc6fa	common_voice_ru_36600103.mp3	Приехала бабушка из Израиля	2	2			без акцента		ru	
1d616fa1b36f41495749a7364a4a1736a589375a5400d7ed127327df4e552dd5bbe4f71b608a9fa6da682debae8f2f391ae7afe43e3210eabd70a696623bc6fa	common_voice_ru_36600145.mp3	Каждое общество, каждая культура предлагает свой путь для продвижения вперед человечества.	2	2			без акцента		ru	
1d616fa1b36f41495749a7364a4a1736a589375a5400d7ed127327df4e552dd5bbe4f71b608a9fa6da682debae8f2f391ae7afe43e3210eabd70a696623bc6fa	common_voice_ru_36600147.mp3	Мы не согласны, что это не реалистично, но мы считаемся с позицией некоторых стран.	0	4			без акцента		ru	
1d616fa1b36f41495749a7364a4a1736a589375a5400d7ed127327df4e552dd5bbe4f71b608a9fa6da682debae8f2f391ae7afe43e3210eabd70a696623bc6fa	common_voice_ru_36600149.mp3	Все эти предложения включены во второй пересмотренный вариант основного текста межправительственных переговоров.	2	2			без акцента		ru	
1d616fa1b36f41495749a7364a4a1736a589375a5400d7ed127327df4e552dd5bbe4f71b608a9fa6da682debae8f2f391ae7afe43e3210eabd70a696623bc6fa	common_voice_ru_36600178.mp3	Ненавижу я этого лекаришку.	0	4			без акцента		ru	
1d616fa1b36f41495749a7364a4a1736a589375a5400d7ed127327df4e552dd5bbe4f71b608a9fa6da682debae8f2f391ae7afe43e3210eabd70a696623bc6fa	common_voice_ru_36600179.mp3	Наоборот, сегодня на нас лежит общая ответственность по сохранению и укреплению этого органа.	0	4			без акцента		ru	
1d616fa1b36f41495749a7364a4a1736a589375a5400d7ed127327df4e552dd5bbe4f71b608a9fa6da682debae8f2f391ae7afe43e3210eabd70a696623bc6fa	common_voice_ru_36600181.mp3	В выходные дни трудно выбраться из дома.	2	2			без акцента		ru	
1d616fa1b36f41495749a7364a4a1736a589375a5400d7ed127327df4e552dd5bbe4f71b608a9fa6da682debae8f2f391ae7afe43e3210eabd70a696623bc6fa	common_voice_ru_36600182.mp3	Сейчас я прерву заседание на несколько минут, чтобы наши гости могли покинуть зал заседаний.	2	4			без акцента		ru	
1d616fa1b36f41495749a7364a4a1736a589375a5400d7ed127327df4e552dd5bbe4f71b608a9fa6da682debae8f2f391ae7afe43e3210eabd70a696623bc6fa	common_voice_ru_36600188.mp3	Я вспоминаю, что это невозможно, и стараюсь не напрягать мысли.	0	2			без акцента		ru	
1d616fa1b36f41495749a7364a4a1736a589375a5400d7ed127327df4e552dd5bbe4f71b608a9fa6da682debae8f2f391ae7afe43e3210eabd70a696623bc6fa	common_voice_ru_36600240.mp3	Кроме того, мы отмежевываемся от резолюции и не будем считать себя связанными ею.	2	2			без акцента		ru	
1d616fa1b36f41495749a7364a4a1736a589375a5400d7ed127327df4e552dd5bbe4f71b608a9fa6da682debae8f2f391ae7afe43e3210eabd70a696623bc6fa	common_voice_ru_36600266.mp3	«Зачем нам секунданты, – сказал он мне сухо, – без них обойдемся».	0	2			без акцента		ru	
1d616fa1b36f41495749a7364a4a1736a589375a5400d7ed127327df4e552dd5bbe4f71b608a9fa6da682debae8f2f391ae7afe43e3210eabd70a696623bc6fa	common_voice_ru_36600268.mp3	Сделайте мне бутерброд с сыром.	0	4			без акцента		ru	
1d616fa1b36f41495749a7364a4a1736a589375a5400d7ed127327df4e552dd5bbe4f71b608a9fa6da682debae8f2f391ae7afe43e3210eabd70a696623bc6fa	common_voice_ru_36600303.mp3	Из кузова в кузов шла перегрузка арбузов.	0	4			без акцента		ru	
1d616fa1b36f41495749a7364a4a1736a589375a5400d7ed127327df4e552dd5bbe4f71b608a9fa6da682debae8f2f391ae7afe43e3210eabd70a696623bc6fa	common_voice_ru_36600307.mp3	Добросовестное укрепление ядерной безопасности имеет важнейшее значение для мирного использования ядерной энергии и нераспространения.	0	2			без акцента		ru	
1d616fa1b36f41495749a7364a4a1736a589375a5400d7ed127327df4e552dd5bbe4f71b608a9fa6da682debae8f2f391ae7afe43e3210eabd70a696623bc6fa	common_voice_ru_36600309.mp3	Ну а ещё чего делал?	0	4			без акцента		ru	
1d616fa1b36f41495749a7364a4a1736a589375a5400d7ed127327df4e552dd5bbe4f71b608a9fa6da682debae8f2f391ae7afe43e3210eabd70a696623bc6fa	common_voice_ru_36600334.mp3	Включи какой-нибудь подкаст	2	2			без акцента		ru	
1d616fa1b36f41495749a7364a4a1736a589375a5400d7ed127327df4e552dd5bbe4f71b608a9fa6da682debae8f2f391ae7afe43e3210eabd70a696623bc6fa	common_voice_ru_36600381.mp3	Я не хотела тебе говорить этого, но ты заставил меня.	2	2			без акцента		ru	
1d616fa1b36f41495749a7364a4a1736a589375a5400d7ed127327df4e552dd5bbe4f71b608a9fa6da682debae8f2f391ae7afe43e3210eabd70a696623bc6fa	common_voice_ru_36600382.mp3	Этот вопрос теперь находится в ведении правительства Исландии.	2	2			без акцента		ru	
1d616fa1b36f41495749a7364a4a1736a589375a5400d7ed127327df4e552dd5bbe4f71b608a9fa6da682debae8f2f391ae7afe43e3210eabd70a696623bc6fa	common_voice_ru_36600383.mp3	На прошлой неделе я посетил Триполи и Бенгази.	2	2			без акцента		ru	
1d616fa1b36f41495749a7364a4a1736a589375a5400d7ed127327df4e552dd5bbe4f71b608a9fa6da682debae8f2f391ae7afe43e3210eabd70a696623bc6fa	common_voice_ru_36600384.mp3	Вы не коты, чтобы усами шевелить.	0	2			без акцента		ru	
1d616fa1b36f41495749a7364a4a1736a589375a5400d7ed127327df4e552dd5bbe4f71b608a9fa6da682debae8f2f391ae7afe43e3210eabd70a696623bc6fa	common_voice_ru_36600414.mp3	Охота оказалась хуже, чем ожидал Левин.	2	2			без акцента		ru	
1d616fa1b36f41495749a7364a4a1736a589375a5400d7ed127327df4e552dd5bbe4f71b608a9fa6da682debae8f2f391ae7afe43e3210eabd70a696623bc6fa	common_voice_ru_36600417.mp3	Доклады Шестого комитета.	0	2			без акцента		ru	
1d616fa1b36f41495749a7364a4a1736a589375a5400d7ed127327df4e552dd5bbe4f71b608a9fa6da682debae8f2f391ae7afe43e3210eabd70a696623bc6fa	common_voice_ru_36600445.mp3	Губы ее дрожали так, что долго она не могла ничего говорить.	2	2			без акцента		ru	
1d616fa1b36f41495749a7364a4a1736a589375a5400d7ed127327df4e552dd5bbe4f71b608a9fa6da682debae8f2f391ae7afe43e3210eabd70a696623bc6fa	common_voice_ru_36600446.mp3	Мы твердо убеждены в неприемлемости увеличения числа постоянных членов.	2	2			без акцента		ru	
1d616fa1b36f41495749a7364a4a1736a589375a5400d7ed127327df4e552dd5bbe4f71b608a9fa6da682debae8f2f391ae7afe43e3210eabd70a696623bc6fa	common_voice_ru_36600448.mp3	Мы должны использовать каждую из существующих возможностей для реанимации Конференции.	2	4			без акцента		ru	
1d616fa1b36f41495749a7364a4a1736a589375a5400d7ed127327df4e552dd5bbe4f71b608a9fa6da682debae8f2f391ae7afe43e3210eabd70a696623bc6fa	common_voice_ru_36600482.mp3	Мы надеемся, что эти связи будут укрепляться.	2	2			без акцента		ru	
1d616fa1b36f41495749a7364a4a1736a589375a5400d7ed127327df4e552dd5bbe4f71b608a9fa6da682debae8f2f391ae7afe43e3210eabd70a696623bc6fa	common_voice_ru_36600484.mp3	Право, не знаю, о ком бы еще упомянуть, чтобы не забыть кого.	0	2			без акцента		ru	
1d616fa1b36f41495749a7364a4a1736a589375a5400d7ed127327df4e552dd5bbe4f71b608a9fa6da682debae8f2f391ae7afe43e3210eabd70a696623bc6fa	common_voice_ru_36600486.mp3	Мы надеемся, что в будущем другие народы скажут нам спасибо за такой превентивный шаг.	0	4			без акцента		ru	
1d616fa1b36f41495749a7364a4a1736a589375a5400d7ed127327df4e552dd5bbe4f71b608a9fa6da682debae8f2f391ae7afe43e3210eabd70a696623bc6fa	common_voice_ru_36600498.mp3	Семи пядей во лбу.	2	2			без акцента		ru	
1d616fa1b36f41495749a7364a4a1736a589375a5400d7ed127327df4e552dd5bbe4f71b608a9fa6da682debae8f2f391ae7afe43e3210eabd70a696623bc6fa	common_voice_ru_36600501.mp3	Мы можем внести изменение в ходе следующего цикла.	0	2			без акцента		ru	
1d616fa1b36f41495749a7364a4a1736a589375a5400d7ed127327df4e552dd5bbe4f71b608a9fa6da682debae8f2f391ae7afe43e3210eabd70a696623bc6fa	common_voice_ru_36600542.mp3	Ну, так мы одни.	0	2			без акцента		ru	
1d616fa1b36f41495749a7364a4a1736a589375a5400d7ed127327df4e552dd5bbe4f71b608a9fa6da682debae8f2f391ae7afe43e3210eabd70a696623bc6fa	common_voice_ru_36600543.mp3	Почему ваши люди захотят ей помочь?	0	2			без акцента		ru	
1d616fa1b36f41495749a7364a4a1736a589375a5400d7ed127327df4e552dd5bbe4f71b608a9fa6da682debae8f2f391ae7afe43e3210eabd70a696623bc6fa	common_voice_ru_36600567.mp3	Он нахмурился на слова Катавасова и сказал другое.	0	2			без акцента		ru	
1d616fa1b36f41495749a7364a4a1736a589375a5400d7ed127327df4e552dd5bbe4f71b608a9fa6da682debae8f2f391ae7afe43e3210eabd70a696623bc6fa	common_voice_ru_36600569.mp3	Сверху льет.	0	4			без акцента		ru	
1d616fa1b36f41495749a7364a4a1736a589375a5400d7ed127327df4e552dd5bbe4f71b608a9fa6da682debae8f2f391ae7afe43e3210eabd70a696623bc6fa	common_voice_ru_36600570.mp3	Долг международного сообщества — поддержать их.	0	2			без акцента		ru	
1d616fa1b36f41495749a7364a4a1736a589375a5400d7ed127327df4e552dd5bbe4f71b608a9fa6da682debae8f2f391ae7afe43e3210eabd70a696623bc6fa	common_voice_ru_36600601.mp3	Она подняла чашку, отставив мизинец, и поднесла ее ко рту.	0	4			без акцента		ru	
1d616fa1b36f41495749a7364a4a1736a589375a5400d7ed127327df4e552dd5bbe4f71b608a9fa6da682debae8f2f391ae7afe43e3210eabd70a696623bc6fa	common_voice_ru_36600602.mp3	Мир тесно взаимосвязан, поэтому последствия любого кризиса не могут носить локальный характер.	2	2			без акцента		ru	
1d616fa1b36f41495749a7364a4a1736a589375a5400d7ed127327df4e552dd5bbe4f71b608a9fa6da682debae8f2f391ae7afe43e3210eabd70a696623bc6fa	common_voice_ru_36600604.mp3	Ты ведь парень не промах.	2	4			без акцента		ru	
1d616fa1b36f41495749a7364a4a1736a589375a5400d7ed127327df4e552dd5bbe4f71b608a9fa6da682debae8f2f391ae7afe43e3210eabd70a696623bc6fa	common_voice_ru_36613029.mp3	Глаза эти светились ближе и ближе, ослепляя его своим светом любви.	2	2			без акцента		ru	
1d616fa1b36f41495749a7364a4a1736a589375a5400d7ed127327df4e552dd5bbe4f71b608a9fa6da682debae8f2f391ae7afe43e3210eabd70a696623bc6fa	common_voice_ru_36613034.mp3	Сегодня отмечается тревожная тенденция к росту радикализации молодежи.	2	2			без акцента		ru	
1d616fa1b36f41495749a7364a4a1736a589375a5400d7ed127327df4e552dd5bbe4f71b608a9fa6da682debae8f2f391ae7afe43e3210eabd70a696623bc6fa	common_voice_ru_36613154.mp3	Сейчас я предоставляю слово представителю Кувейта.	0	2			без акцента		ru	
1d616fa1b36f41495749a7364a4a1736a589375a5400d7ed127327df4e552dd5bbe4f71b608a9fa6da682debae8f2f391ae7afe43e3210eabd70a696623bc6fa	common_voice_ru_36613187.mp3	Я с ума схожу от грязи, а вы говорите — дом!	0	2			без акцента		ru	
1d616fa1b36f41495749a7364a4a1736a589375a5400d7ed127327df4e552dd5bbe4f71b608a9fa6da682debae8f2f391ae7afe43e3210eabd70a696623bc6fa	common_voice_ru_36613191.mp3	Я и вытащил ребенка.	0	2			без акцента		ru	
1a0eea2cb817ad4f14b1465947dd92a6fabdd3a50bb9a62f6675cce6900845b7b709c9be4d77ac2b341c02efa5255cddcb315f13fad7e5feb00ab6a112c4aadd	common_voice_ru_36635861.mp3	Ей хотелось побыть одной с своими мыслями.	0	2					ru	
1a0eea2cb817ad4f14b1465947dd92a6fabdd3a50bb9a62f6675cce6900845b7b709c9be4d77ac2b341c02efa5255cddcb315f13fad7e5feb00ab6a112c4aadd	common_voice_ru_36635928.mp3	И ей легко было вспомнить о Левине.	0	2					ru	
1d616fa1b36f41495749a7364a4a1736a589375a5400d7ed127327df4e552dd5bbe4f71b608a9fa6da682debae8f2f391ae7afe43e3210eabd70a696623bc6fa	common_voice_ru_36639706.mp3	– Я не знаю, какой вы инженер, но… чините вы машину как-то очень странно.	2	2			без акцента		ru	
1d616fa1b36f41495749a7364a4a1736a589375a5400d7ed127327df4e552dd5bbe4f71b608a9fa6da682debae8f2f391ae7afe43e3210eabd70a696623bc6fa	common_voice_ru_36651877.mp3	Те электричеством измерили мой ум и просто опупели.	0	2			без акцента		ru	
1d616fa1b36f41495749a7364a4a1736a589375a5400d7ed127327df4e552dd5bbe4f71b608a9fa6da682debae8f2f391ae7afe43e3210eabd70a696623bc6fa	common_voice_ru_36654720.mp3	Япония продолжает работать над обеспечением и продвижением органичного подхода к миростроительству.	0	4			без акцента		ru	
1d616fa1b36f41495749a7364a4a1736a589375a5400d7ed127327df4e552dd5bbe4f71b608a9fa6da682debae8f2f391ae7afe43e3210eabd70a696623bc6fa	common_voice_ru_36654731.mp3	Марья Ивановна от меня не отходила.	0	2			без акцента		ru	
1d616fa1b36f41495749a7364a4a1736a589375a5400d7ed127327df4e552dd5bbe4f71b608a9fa6da682debae8f2f391ae7afe43e3210eabd70a696623bc6fa	common_voice_ru_36654777.mp3	Все чиновники говорили о ненадежности войск, о неверности удачи, об осторожности и тому подобном.	0	2			без акцента		ru	
1d616fa1b36f41495749a7364a4a1736a589375a5400d7ed127327df4e552dd5bbe4f71b608a9fa6da682debae8f2f391ae7afe43e3210eabd70a696623bc6fa	common_voice_ru_36654972.mp3	Определяющий фактор затора в нашей работе носит сугубо политический характер.	0	2			без акцента		ru	
1a0eea2cb817ad4f14b1465947dd92a6fabdd3a50bb9a62f6675cce6900845b7b709c9be4d77ac2b341c02efa5255cddcb315f13fad7e5feb00ab6a112c4aadd	common_voice_ru_36657103.mp3	Сжалься хоть ты и не мучай!	0	2	twenties	male			ru	
a8a55efe6cd04d8470e91b465fa303839ea9bc4ad54d77dfa0e77702ee8dbc1e925f870646a7ad87d021e611b01125e43fd37073bff78559da97bd7dd02bcf6e	common_voice_ru_36666203.mp3	Алексей Александрович взглянул на него.	0	2					ru	
a8a55efe6cd04d8470e91b465fa303839ea9bc4ad54d77dfa0e77702ee8dbc1e925f870646a7ad87d021e611b01125e43fd37073bff78559da97bd7dd02bcf6e	common_voice_ru_36666206.mp3	Так, братья Галилейского учителя приходили к нему издалека, чтобы унять его пыл.	1	2					ru	
1a0eea2cb817ad4f14b1465947dd92a6fabdd3a50bb9a62f6675cce6900845b7b709c9be4d77ac2b341c02efa5255cddcb315f13fad7e5feb00ab6a112c4aadd	common_voice_ru_36724191.mp3	Одна из первых дам Петербурского света, которую увидел Вронский, была его кузина Бетси.	1	2	twenties	male			ru	
1d616fa1b36f41495749a7364a4a1736a589375a5400d7ed127327df4e552dd5bbe4f71b608a9fa6da682debae8f2f391ae7afe43e3210eabd70a696623bc6fa	common_voice_ru_36742015.mp3	И с божьей помощью мы найдем общую почву для мира.	2	2			без акцента		ru	
1d616fa1b36f41495749a7364a4a1736a589375a5400d7ed127327df4e552dd5bbe4f71b608a9fa6da682debae8f2f391ae7afe43e3210eabd70a696623bc6fa	common_voice_ru_36742054.mp3	В этом мероприятии приняло участие несколько организаций, призвавших к укреплению мира между культурами.	0	2			без акцента		ru	
1d616fa1b36f41495749a7364a4a1736a589375a5400d7ed127327df4e552dd5bbe4f71b608a9fa6da682debae8f2f391ae7afe43e3210eabd70a696623bc6fa	common_voice_ru_36742083.mp3	Министерская компанийка!	0	2			без акцента		ru	
1d616fa1b36f41495749a7364a4a1736a589375a5400d7ed127327df4e552dd5bbe4f71b608a9fa6da682debae8f2f391ae7afe43e3210eabd70a696623bc6fa	common_voice_ru_36742085.mp3	Бангладеш является решительным сторонником многостороннего подхода к разоружению и нераспространению.	0	2			без акцента		ru	
1d616fa1b36f41495749a7364a4a1736a589375a5400d7ed127327df4e552dd5bbe4f71b608a9fa6da682debae8f2f391ae7afe43e3210eabd70a696623bc6fa	common_voice_ru_36742106.mp3	Иван Кузмич не знал, на что решиться.	2	2			без акцента		ru	
1d616fa1b36f41495749a7364a4a1736a589375a5400d7ed127327df4e552dd5bbe4f71b608a9fa6da682debae8f2f391ae7afe43e3210eabd70a696623bc6fa	common_voice_ru_36742108.mp3	«Вешать его!» – сказал Пугачев, не взглянув уже на меня.	0	2			без акцента		ru	
1d616fa1b36f41495749a7364a4a1736a589375a5400d7ed127327df4e552dd5bbe4f71b608a9fa6da682debae8f2f391ae7afe43e3210eabd70a696623bc6fa	common_voice_ru_36742131.mp3	Но об этом рассказывать не буду, потому что все равно никто не поверит.	0	2			без акцента		ru	
1d616fa1b36f41495749a7364a4a1736a589375a5400d7ed127327df4e552dd5bbe4f71b608a9fa6da682debae8f2f391ae7afe43e3210eabd70a696623bc6fa	common_voice_ru_36742160.mp3	Это было должным образом отмечено Генеральным секретарем в его докладе.	0	2			без акцента		ru	
1d616fa1b36f41495749a7364a4a1736a589375a5400d7ed127327df4e552dd5bbe4f71b608a9fa6da682debae8f2f391ae7afe43e3210eabd70a696623bc6fa	common_voice_ru_36742163.mp3	Данные не просто зашифрованы, а зашифрованы дополнительным ключом пользователя	2	2			без акцента		ru	
1d616fa1b36f41495749a7364a4a1736a589375a5400d7ed127327df4e552dd5bbe4f71b608a9fa6da682debae8f2f391ae7afe43e3210eabd70a696623bc6fa	common_voice_ru_36742202.mp3	В этой связи Индонезия обращается с призывом немедленно прекратить все виды насилия.	0	2			без акцента		ru	
1d616fa1b36f41495749a7364a4a1736a589375a5400d7ed127327df4e552dd5bbe4f71b608a9fa6da682debae8f2f391ae7afe43e3210eabd70a696623bc6fa	common_voice_ru_36742247.mp3	Мы встречаемся в сложный период в области разоружения.	2	2			без акцента		ru	
1d616fa1b36f41495749a7364a4a1736a589375a5400d7ed127327df4e552dd5bbe4f71b608a9fa6da682debae8f2f391ae7afe43e3210eabd70a696623bc6fa	common_voice_ru_36742248.mp3	Это важный элемент подтверждения важной роли Организации Объединенных Наций в глобальном управлении.	0	2			без акцента		ru	
1d616fa1b36f41495749a7364a4a1736a589375a5400d7ed127327df4e552dd5bbe4f71b608a9fa6da682debae8f2f391ae7afe43e3210eabd70a696623bc6fa	common_voice_ru_36742249.mp3	Поездка на спектакль.	2	4			без акцента		ru	
1d616fa1b36f41495749a7364a4a1736a589375a5400d7ed127327df4e552dd5bbe4f71b608a9fa6da682debae8f2f391ae7afe43e3210eabd70a696623bc6fa	common_voice_ru_36742304.mp3	О дьявольщина!	0	2			без акцента		ru	
1d616fa1b36f41495749a7364a4a1736a589375a5400d7ed127327df4e552dd5bbe4f71b608a9fa6da682debae8f2f391ae7afe43e3210eabd70a696623bc6fa	common_voice_ru_36742305.mp3	Важно обеспечить полное и эффективное выполнение всех положений Конвенции всеми государствами-участниками.	2	2			без акцента		ru	
1d616fa1b36f41495749a7364a4a1736a589375a5400d7ed127327df4e552dd5bbe4f71b608a9fa6da682debae8f2f391ae7afe43e3210eabd70a696623bc6fa	common_voice_ru_36742338.mp3	Я прибыл сюда с посланием от смелого и гордого народа.	0	2			без акцента		ru	
1d616fa1b36f41495749a7364a4a1736a589375a5400d7ed127327df4e552dd5bbe4f71b608a9fa6da682debae8f2f391ae7afe43e3210eabd70a696623bc6fa	common_voice_ru_36742340.mp3	Не поехать ли?	2	2			без акцента		ru	
1d616fa1b36f41495749a7364a4a1736a589375a5400d7ed127327df4e552dd5bbe4f71b608a9fa6da682debae8f2f391ae7afe43e3210eabd70a696623bc6fa	common_voice_ru_36742394.mp3	Это стало бы крупнейшим гуманитарным кризисом в истории.	2	2			без акцента		ru	
1d616fa1b36f41495749a7364a4a1736a589375a5400d7ed127327df4e552dd5bbe4f71b608a9fa6da682debae8f2f391ae7afe43e3210eabd70a696623bc6fa	common_voice_ru_36742395.mp3	Над всем миром проносятся сильные ветры свободы, осознания уважения человеческого достоинства и социальной справедливости.	0	2			без акцента		ru	
1d616fa1b36f41495749a7364a4a1736a589375a5400d7ed127327df4e552dd5bbe4f71b608a9fa6da682debae8f2f391ae7afe43e3210eabd70a696623bc6fa	common_voice_ru_36742421.mp3	Из присутствия Левин поехал к Щербацким.	0	2			без акцента		ru	
1d616fa1b36f41495749a7364a4a1736a589375a5400d7ed127327df4e552dd5bbe4f71b608a9fa6da682debae8f2f391ae7afe43e3210eabd70a696623bc6fa	common_voice_ru_36742423.mp3	Я также вынужден мириться с военной базой Соединенных Штатов Америки, расположенной в Боливии.	0	2			без акцента		ru	
1d616fa1b36f41495749a7364a4a1736a589375a5400d7ed127327df4e552dd5bbe4f71b608a9fa6da682debae8f2f391ae7afe43e3210eabd70a696623bc6fa	common_voice_ru_36742425.mp3	Хотелось бы добавить к этому еще одну деталь.	0	4			без акцента		ru	
1d616fa1b36f41495749a7364a4a1736a589375a5400d7ed127327df4e552dd5bbe4f71b608a9fa6da682debae8f2f391ae7afe43e3210eabd70a696623bc6fa	common_voice_ru_36742440.mp3	Но однажды утром девочка просыпается немного бодрее, чем всегда.	2	4			без акцента		ru	
1d616fa1b36f41495749a7364a4a1736a589375a5400d7ed127327df4e552dd5bbe4f71b608a9fa6da682debae8f2f391ae7afe43e3210eabd70a696623bc6fa	common_voice_ru_36742444.mp3	Шурочка, у меня к Вам деликатное дело.	0	2			без акцента		ru	
1d616fa1b36f41495749a7364a4a1736a589375a5400d7ed127327df4e552dd5bbe4f71b608a9fa6da682debae8f2f391ae7afe43e3210eabd70a696623bc6fa	common_voice_ru_36742455.mp3	В обмене мнениями примет участие также ряд приглашенных ораторов.	0	2			без акцента		ru	
1d616fa1b36f41495749a7364a4a1736a589375a5400d7ed127327df4e552dd5bbe4f71b608a9fa6da682debae8f2f391ae7afe43e3210eabd70a696623bc6fa	common_voice_ru_36742470.mp3	Переходное правительство прилагает усилия в этом направлении наряду с региональными и международными организациями.	0	2			без акцента		ru	
1d616fa1b36f41495749a7364a4a1736a589375a5400d7ed127327df4e552dd5bbe4f71b608a9fa6da682debae8f2f391ae7afe43e3210eabd70a696623bc6fa	common_voice_ru_36742473.mp3	Инновационные источники финансирования могут дополнять, но не подменять такие обязательства.	0	4			без акцента		ru	
1d616fa1b36f41495749a7364a4a1736a589375a5400d7ed127327df4e552dd5bbe4f71b608a9fa6da682debae8f2f391ae7afe43e3210eabd70a696623bc6fa	common_voice_ru_36742510.mp3	С последствиями глобального экономического кризиса будут бороться все.	2	2			без акцента		ru	
1d616fa1b36f41495749a7364a4a1736a589375a5400d7ed127327df4e552dd5bbe4f71b608a9fa6da682debae8f2f391ae7afe43e3210eabd70a696623bc6fa	common_voice_ru_36742512.mp3	Не понятая мудрость может запылиться.	0	2			без акцента		ru	
1d616fa1b36f41495749a7364a4a1736a589375a5400d7ed127327df4e552dd5bbe4f71b608a9fa6da682debae8f2f391ae7afe43e3210eabd70a696623bc6fa	common_voice_ru_36742528.mp3	Сегодняшняя молодежь — это наше будущее.	2	2			без акцента		ru	
1d616fa1b36f41495749a7364a4a1736a589375a5400d7ed127327df4e552dd5bbe4f71b608a9fa6da682debae8f2f391ae7afe43e3210eabd70a696623bc6fa	common_voice_ru_36742529.mp3	Они символизируют любовь и преданность.	2	2			без акцента		ru	
1d616fa1b36f41495749a7364a4a1736a589375a5400d7ed127327df4e552dd5bbe4f71b608a9fa6da682debae8f2f391ae7afe43e3210eabd70a696623bc6fa	common_voice_ru_36742534.mp3	Анна высунулась вперед, слушая.	0	4			без акцента		ru	
1d616fa1b36f41495749a7364a4a1736a589375a5400d7ed127327df4e552dd5bbe4f71b608a9fa6da682debae8f2f391ae7afe43e3210eabd70a696623bc6fa	common_voice_ru_36742547.mp3	Вот и оно, то самое, чего он уже давно ждал.	2	2			без акцента		ru	
1d616fa1b36f41495749a7364a4a1736a589375a5400d7ed127327df4e552dd5bbe4f71b608a9fa6da682debae8f2f391ae7afe43e3210eabd70a696623bc6fa	common_voice_ru_36742548.mp3	Я вам не приживальщик!	2	2			без акцента		ru	
1d616fa1b36f41495749a7364a4a1736a589375a5400d7ed127327df4e552dd5bbe4f71b608a9fa6da682debae8f2f391ae7afe43e3210eabd70a696623bc6fa	common_voice_ru_36742551.mp3	Аналогичное число евреев, проживавших в арабских странах, также были вынуждены покинуть свои дома.	0	2			без акцента		ru	
1d616fa1b36f41495749a7364a4a1736a589375a5400d7ed127327df4e552dd5bbe4f71b608a9fa6da682debae8f2f391ae7afe43e3210eabd70a696623bc6fa	common_voice_ru_36742583.mp3	Дневной матч, майор.	2	2			без акцента		ru	
1d616fa1b36f41495749a7364a4a1736a589375a5400d7ed127327df4e552dd5bbe4f71b608a9fa6da682debae8f2f391ae7afe43e3210eabd70a696623bc6fa	common_voice_ru_36742587.mp3	Мы вынуждены назвать сложившуюся в этом многостороннем разоруженческом форуме ситуацию структурным кризисом.	0	2			без акцента		ru	
1d616fa1b36f41495749a7364a4a1736a589375a5400d7ed127327df4e552dd5bbe4f71b608a9fa6da682debae8f2f391ae7afe43e3210eabd70a696623bc6fa	common_voice_ru_36742609.mp3	Мы намерены участвовать в предстоящих прениях по этому важному вопросу.	2	2			без акцента		ru	
1d616fa1b36f41495749a7364a4a1736a589375a5400d7ed127327df4e552dd5bbe4f71b608a9fa6da682debae8f2f391ae7afe43e3210eabd70a696623bc6fa	common_voice_ru_36742611.mp3	Мы с нетерпением ожидаем той работы, которая позволит осуществить такие преобразования.	0	4			без акцента		ru	
1d616fa1b36f41495749a7364a4a1736a589375a5400d7ed127327df4e552dd5bbe4f71b608a9fa6da682debae8f2f391ae7afe43e3210eabd70a696623bc6fa	common_voice_ru_36742623.mp3	Оставь, Женечка, оставь	0	4			без акцента		ru	
1d616fa1b36f41495749a7364a4a1736a589375a5400d7ed127327df4e552dd5bbe4f71b608a9fa6da682debae8f2f391ae7afe43e3210eabd70a696623bc6fa	common_voice_ru_36742624.mp3	– Почему так? – спросил я его, скрывая свою досаду.	2	2			без акцента		ru	
1d616fa1b36f41495749a7364a4a1736a589375a5400d7ed127327df4e552dd5bbe4f71b608a9fa6da682debae8f2f391ae7afe43e3210eabd70a696623bc6fa	common_voice_ru_36742637.mp3	Важно также понять, что времена переговоров по дискриминационным многосторонним договорам прошли.	0	2			без акцента		ru	
1d616fa1b36f41495749a7364a4a1736a589375a5400d7ed127327df4e552dd5bbe4f71b608a9fa6da682debae8f2f391ae7afe43e3210eabd70a696623bc6fa	common_voice_ru_36742657.mp3	Правительство Королевства Саудовская Аравия считает, что сохранение статус-кво лишь усугубило бы ситуацию.	0	4			без акцента		ru	
1d616fa1b36f41495749a7364a4a1736a589375a5400d7ed127327df4e552dd5bbe4f71b608a9fa6da682debae8f2f391ae7afe43e3210eabd70a696623bc6fa	common_voice_ru_36742661.mp3	Почему это место называется престол, неизвестно.	2	2			без акцента		ru	
1d616fa1b36f41495749a7364a4a1736a589375a5400d7ed127327df4e552dd5bbe4f71b608a9fa6da682debae8f2f391ae7afe43e3210eabd70a696623bc6fa	common_voice_ru_36742680.mp3	Ядерные аварии не признают границ.	2	2			без акцента		ru	
1d616fa1b36f41495749a7364a4a1736a589375a5400d7ed127327df4e552dd5bbe4f71b608a9fa6da682debae8f2f391ae7afe43e3210eabd70a696623bc6fa	common_voice_ru_36742698.mp3	Марья Ивановна выслушала меня просто, без притворной застенчивости, без затейливых отговорок.	2	2			без акцента		ru	
1d616fa1b36f41495749a7364a4a1736a589375a5400d7ed127327df4e552dd5bbe4f71b608a9fa6da682debae8f2f391ae7afe43e3210eabd70a696623bc6fa	common_voice_ru_36742699.mp3	Для улучшения координации и оказания своевременной и эффективной помощи очень важно укрепить партнерские отношения.	0	4			без акцента		ru	
1d616fa1b36f41495749a7364a4a1736a589375a5400d7ed127327df4e552dd5bbe4f71b608a9fa6da682debae8f2f391ae7afe43e3210eabd70a696623bc6fa	common_voice_ru_36742752.mp3	Всё это создает серьезные угрозы глобальному миру, стабильности, безопасности и сотрудничеству в целях развития.	2	2			без акцента		ru	
1d616fa1b36f41495749a7364a4a1736a589375a5400d7ed127327df4e552dd5bbe4f71b608a9fa6da682debae8f2f391ae7afe43e3210eabd70a696623bc6fa	common_voice_ru_36742754.mp3	И поэтому вопрос для нас ясен: с кем мы?	0	2			без акцента		ru	
1d616fa1b36f41495749a7364a4a1736a589375a5400d7ed127327df4e552dd5bbe4f71b608a9fa6da682debae8f2f391ae7afe43e3210eabd70a696623bc6fa	common_voice_ru_36742785.mp3	Утка крякнула, берега звякнули, море взболталось, вода всколыхалась.	0	4			без акцента		ru	
1d616fa1b36f41495749a7364a4a1736a589375a5400d7ed127327df4e552dd5bbe4f71b608a9fa6da682debae8f2f391ae7afe43e3210eabd70a696623bc6fa	common_voice_ru_36742787.mp3	Одновременно с этим международное сообщество должно продолжать свои усилия по восстановлению стабильности в Сомали.	0	2			без акцента		ru	
1d616fa1b36f41495749a7364a4a1736a589375a5400d7ed127327df4e552dd5bbe4f71b608a9fa6da682debae8f2f391ae7afe43e3210eabd70a696623bc6fa	common_voice_ru_36742788.mp3	Об информационных флешмобах.	2	4			без акцента		ru	
1d616fa1b36f41495749a7364a4a1736a589375a5400d7ed127327df4e552dd5bbe4f71b608a9fa6da682debae8f2f391ae7afe43e3210eabd70a696623bc6fa	common_voice_ru_36742789.mp3	Крайне важно обеспечить, чтобы Африка была частью процессов принятия решений, которые ее затрагивают.	2	2			без акцента		ru	
1d616fa1b36f41495749a7364a4a1736a589375a5400d7ed127327df4e552dd5bbe4f71b608a9fa6da682debae8f2f391ae7afe43e3210eabd70a696623bc6fa	common_voice_ru_36742806.mp3	Я не могу.	0	2			без акцента		ru	
1d616fa1b36f41495749a7364a4a1736a589375a5400d7ed127327df4e552dd5bbe4f71b608a9fa6da682debae8f2f391ae7afe43e3210eabd70a696623bc6fa	common_voice_ru_36742807.mp3	Сейчас я хотел бы коснуться реформы Совета Безопасности.	2	2			без акцента		ru	
1d616fa1b36f41495749a7364a4a1736a589375a5400d7ed127327df4e552dd5bbe4f71b608a9fa6da682debae8f2f391ae7afe43e3210eabd70a696623bc6fa	common_voice_ru_36742808.mp3	В то же время, одних только разговоров недостаточно.	2	2			без акцента		ru	
1d616fa1b36f41495749a7364a4a1736a589375a5400d7ed127327df4e552dd5bbe4f71b608a9fa6da682debae8f2f391ae7afe43e3210eabd70a696623bc6fa	common_voice_ru_36742809.mp3	месяц	2	2			без акцента		ru	
1d616fa1b36f41495749a7364a4a1736a589375a5400d7ed127327df4e552dd5bbe4f71b608a9fa6da682debae8f2f391ae7afe43e3210eabd70a696623bc6fa	common_voice_ru_36742821.mp3	Степан Аркадьич любил хорошую шутку.	0	4			без акцента		ru	
1d616fa1b36f41495749a7364a4a1736a589375a5400d7ed127327df4e552dd5bbe4f71b608a9fa6da682debae8f2f391ae7afe43e3210eabd70a696623bc6fa	common_voice_ru_36742823.mp3	Давайте же все вместе почтим его память!	2	2			без акцента		ru	
1d616fa1b36f41495749a7364a4a1736a589375a5400d7ed127327df4e552dd5bbe4f71b608a9fa6da682debae8f2f391ae7afe43e3210eabd70a696623bc6fa	common_voice_ru_36742824.mp3	Заверяю вас в полной поддержке и сотрудничестве моей делегации в связи с вашим председательством.	2	2			без акцента		ru	
1d616fa1b36f41495749a7364a4a1736a589375a5400d7ed127327df4e552dd5bbe4f71b608a9fa6da682debae8f2f391ae7afe43e3210eabd70a696623bc6fa	common_voice_ru_36742825.mp3	А теперь я предоставляю слово послу Швеции Яну Кнутссону.	2	2			без акцента		ru	
1d616fa1b36f41495749a7364a4a1736a589375a5400d7ed127327df4e552dd5bbe4f71b608a9fa6da682debae8f2f391ae7afe43e3210eabd70a696623bc6fa	common_voice_ru_36742835.mp3	А теперь, ради бога, успокой бедную девушку, которую гусары твои перепугали.	0	2			без акцента		ru	
1d616fa1b36f41495749a7364a4a1736a589375a5400d7ed127327df4e552dd5bbe4f71b608a9fa6da682debae8f2f391ae7afe43e3210eabd70a696623bc6fa	common_voice_ru_36742836.mp3	Политические аспекты и проблемы безопасности всегда были важным приоритетом для Организации Объединенных Наций.	2	2			без акцента		ru	
1d616fa1b36f41495749a7364a4a1736a589375a5400d7ed127327df4e552dd5bbe4f71b608a9fa6da682debae8f2f391ae7afe43e3210eabd70a696623bc6fa	common_voice_ru_36742837.mp3	Чудное утро было.	2	2			без акцента		ru	
1d616fa1b36f41495749a7364a4a1736a589375a5400d7ed127327df4e552dd5bbe4f71b608a9fa6da682debae8f2f391ae7afe43e3210eabd70a696623bc6fa	common_voice_ru_36742838.mp3	Одним из примеров тому служит нынешняя угроза пиратства.	0	2			без акцента		ru	
1d616fa1b36f41495749a7364a4a1736a589375a5400d7ed127327df4e552dd5bbe4f71b608a9fa6da682debae8f2f391ae7afe43e3210eabd70a696623bc6fa	common_voice_ru_36742839.mp3	Выступление Исполняющего обязанности Председателя.	0	4			без акцента		ru	
1d616fa1b36f41495749a7364a4a1736a589375a5400d7ed127327df4e552dd5bbe4f71b608a9fa6da682debae8f2f391ae7afe43e3210eabd70a696623bc6fa	common_voice_ru_36742848.mp3	А выбросы парниковых газов попрежнему смертельно опасными темпами ускоряют процесс глобального потепления.	0	2			без акцента		ru	
1d616fa1b36f41495749a7364a4a1736a589375a5400d7ed127327df4e552dd5bbe4f71b608a9fa6da682debae8f2f391ae7afe43e3210eabd70a696623bc6fa	common_voice_ru_36742849.mp3	Если это так, то я направлю в свою столицу доклад на этот счет.	2	2			без акцента		ru	
1d616fa1b36f41495749a7364a4a1736a589375a5400d7ed127327df4e552dd5bbe4f71b608a9fa6da682debae8f2f391ae7afe43e3210eabd70a696623bc6fa	common_voice_ru_36742851.mp3	Они уже сюда вернулись, и я могу помахать им всем рукой.	2	2			без акцента		ru	
1d616fa1b36f41495749a7364a4a1736a589375a5400d7ed127327df4e552dd5bbe4f71b608a9fa6da682debae8f2f391ae7afe43e3210eabd70a696623bc6fa	common_voice_ru_36742857.mp3	Меры по борьбе с этой угрозой вполне оправданны.	0	2			без акцента		ru	
1d616fa1b36f41495749a7364a4a1736a589375a5400d7ed127327df4e552dd5bbe4f71b608a9fa6da682debae8f2f391ae7afe43e3210eabd70a696623bc6fa	common_voice_ru_36742863.mp3	Алексей Александрович провожал ее.	2	2			без акцента		ru	
1d616fa1b36f41495749a7364a4a1736a589375a5400d7ed127327df4e552dd5bbe4f71b608a9fa6da682debae8f2f391ae7afe43e3210eabd70a696623bc6fa	common_voice_ru_36742864.mp3	Позвольте мне вновь заявить о поддержке нашей страной идеи заключения договора о торговле оружием.	2	2			без акцента		ru	
1d616fa1b36f41495749a7364a4a1736a589375a5400d7ed127327df4e552dd5bbe4f71b608a9fa6da682debae8f2f391ae7afe43e3210eabd70a696623bc6fa	common_voice_ru_36742866.mp3	Я поздравляю также остальных членов Бюро.	0	4			без акцента		ru	
1d616fa1b36f41495749a7364a4a1736a589375a5400d7ed127327df4e552dd5bbe4f71b608a9fa6da682debae8f2f391ae7afe43e3210eabd70a696623bc6fa	common_voice_ru_36742867.mp3	И вот теперь на моей щеке горит, как раньше говорили, несмываемый позор.	2	2			без акцента		ru	
1d616fa1b36f41495749a7364a4a1736a589375a5400d7ed127327df4e552dd5bbe4f71b608a9fa6da682debae8f2f391ae7afe43e3210eabd70a696623bc6fa	common_voice_ru_36742869.mp3	Поэтому наша делегация осуждает подобные действия.	0	2			без акцента		ru	
1d616fa1b36f41495749a7364a4a1736a589375a5400d7ed127327df4e552dd5bbe4f71b608a9fa6da682debae8f2f391ae7afe43e3210eabd70a696623bc6fa	common_voice_ru_36742870.mp3	При этом мы сохраним единство в нашей решимости предотвратить подобные явления в будущем.	2	4			без акцента		ru	
1d616fa1b36f41495749a7364a4a1736a589375a5400d7ed127327df4e552dd5bbe4f71b608a9fa6da682debae8f2f391ae7afe43e3210eabd70a696623bc6fa	common_voice_ru_36742872.mp3	Следует ускорить проведение реформы международного финансово-экономического управления.	2	4			без акцента		ru	
1d616fa1b36f41495749a7364a4a1736a589375a5400d7ed127327df4e552dd5bbe4f71b608a9fa6da682debae8f2f391ae7afe43e3210eabd70a696623bc6fa	common_voice_ru_36742874.mp3	Около рынка сидела собака и зевала.	2	2			без акцента		ru	
1d616fa1b36f41495749a7364a4a1736a589375a5400d7ed127327df4e552dd5bbe4f71b608a9fa6da682debae8f2f391ae7afe43e3210eabd70a696623bc6fa	common_voice_ru_36742876.mp3	– Ручаюсь вам за успех, – отвечал я с жаром.	2	2			без акцента		ru	
1d616fa1b36f41495749a7364a4a1736a589375a5400d7ed127327df4e552dd5bbe4f71b608a9fa6da682debae8f2f391ae7afe43e3210eabd70a696623bc6fa	common_voice_ru_36742877.mp3	Она взяла его руку и спросила, спал ли он.	0	2			без акцента		ru	
1d616fa1b36f41495749a7364a4a1736a589375a5400d7ed127327df4e552dd5bbe4f71b608a9fa6da682debae8f2f391ae7afe43e3210eabd70a696623bc6fa	common_voice_ru_36742878.mp3	Могу ли я считать, что Ассамблея постановляет передать этот подпункт на рассмотрение Пятому комитету?	0	4			без акцента		ru	
1d616fa1b36f41495749a7364a4a1736a589375a5400d7ed127327df4e552dd5bbe4f71b608a9fa6da682debae8f2f391ae7afe43e3210eabd70a696623bc6fa	common_voice_ru_36742887.mp3	Что это такое?	0	2			без акцента		ru	
1d616fa1b36f41495749a7364a4a1736a589375a5400d7ed127327df4e552dd5bbe4f71b608a9fa6da682debae8f2f391ae7afe43e3210eabd70a696623bc6fa	common_voice_ru_36742888.mp3	– Да, – смутился Георгий, – а главное, что это и есть Тимур – мой отчаянный племянник.	2	4			без акцента		ru	
1d616fa1b36f41495749a7364a4a1736a589375a5400d7ed127327df4e552dd5bbe4f71b608a9fa6da682debae8f2f391ae7afe43e3210eabd70a696623bc6fa	common_voice_ru_36742889.mp3	Мы также принимаем активное участие в реализации региональных инициатив.	0	2			без акцента		ru	
1d616fa1b36f41495749a7364a4a1736a589375a5400d7ed127327df4e552dd5bbe4f71b608a9fa6da682debae8f2f391ae7afe43e3210eabd70a696623bc6fa	common_voice_ru_36742890.mp3	С той поры положение мое переменилось.	0	2			без акцента		ru	
1d616fa1b36f41495749a7364a4a1736a589375a5400d7ed127327df4e552dd5bbe4f71b608a9fa6da682debae8f2f391ae7afe43e3210eabd70a696623bc6fa	common_voice_ru_36742894.mp3	Основным принципом переговоров в области разоружения и нераспространения является многосторонность.	0	2			без акцента		ru	
1d616fa1b36f41495749a7364a4a1736a589375a5400d7ed127327df4e552dd5bbe4f71b608a9fa6da682debae8f2f391ae7afe43e3210eabd70a696623bc6fa	common_voice_ru_36742895.mp3	Это не мое чувство, а какая-то сила внешняя завладела мной.	0	2			без акцента		ru	
1d616fa1b36f41495749a7364a4a1736a589375a5400d7ed127327df4e552dd5bbe4f71b608a9fa6da682debae8f2f391ae7afe43e3210eabd70a696623bc6fa	common_voice_ru_36742897.mp3	Низкая мобильность сотрудников	2	2			без акцента		ru	
1d616fa1b36f41495749a7364a4a1736a589375a5400d7ed127327df4e552dd5bbe4f71b608a9fa6da682debae8f2f391ae7afe43e3210eabd70a696623bc6fa	common_voice_ru_36742902.mp3	Настроенная на прежнюю идею, Юлия Михайловна продолжала его игнорировать.	0	2			без акцента		ru	
1d616fa1b36f41495749a7364a4a1736a589375a5400d7ed127327df4e552dd5bbe4f71b608a9fa6da682debae8f2f391ae7afe43e3210eabd70a696623bc6fa	common_voice_ru_36742903.mp3	…Только у колодца перепуганный Тимур остановился.	0	2			без акцента		ru	
1d616fa1b36f41495749a7364a4a1736a589375a5400d7ed127327df4e552dd5bbe4f71b608a9fa6da682debae8f2f391ae7afe43e3210eabd70a696623bc6fa	common_voice_ru_36742905.mp3	Правительство моей страны готово внести свой вклад в это дело.	0	4			без акцента		ru	
1d616fa1b36f41495749a7364a4a1736a589375a5400d7ed127327df4e552dd5bbe4f71b608a9fa6da682debae8f2f391ae7afe43e3210eabd70a696623bc6fa	common_voice_ru_36742906.mp3	Так что мы никак не можем согласиться с этим тезисом.	2	2			без акцента		ru	
1d616fa1b36f41495749a7364a4a1736a589375a5400d7ed127327df4e552dd5bbe4f71b608a9fa6da682debae8f2f391ae7afe43e3210eabd70a696623bc6fa	common_voice_ru_36742907.mp3	Теперь я перехожу ко второму ключевому вопросу — биоразнообразию и экосистемам.	0	4			без акцента		ru	
1d616fa1b36f41495749a7364a4a1736a589375a5400d7ed127327df4e552dd5bbe4f71b608a9fa6da682debae8f2f391ae7afe43e3210eabd70a696623bc6fa	common_voice_ru_36742909.mp3	Я имею честь от имени всех авторов этого проекта резолюции представить его Генеральной Ассамблее.	2	2			без акцента		ru	
1d616fa1b36f41495749a7364a4a1736a589375a5400d7ed127327df4e552dd5bbe4f71b608a9fa6da682debae8f2f391ae7afe43e3210eabd70a696623bc6fa	common_voice_ru_36742910.mp3	Сначала я предоставлю слово представителям, которые желают выступить с объяснением мотивов голосования до голосования.	0	2			без акцента		ru	
1d616fa1b36f41495749a7364a4a1736a589375a5400d7ed127327df4e552dd5bbe4f71b608a9fa6da682debae8f2f391ae7afe43e3210eabd70a696623bc6fa	common_voice_ru_36742911.mp3	Только тогда люди были готовы выслушать наши профилактические рекомендации.	0	2			без акцента		ru	
1d616fa1b36f41495749a7364a4a1736a589375a5400d7ed127327df4e552dd5bbe4f71b608a9fa6da682debae8f2f391ae7afe43e3210eabd70a696623bc6fa	common_voice_ru_36742915.mp3	Кажется, был.	2	2			без акцента		ru	
1d616fa1b36f41495749a7364a4a1736a589375a5400d7ed127327df4e552dd5bbe4f71b608a9fa6da682debae8f2f391ae7afe43e3210eabd70a696623bc6fa	common_voice_ru_36742917.mp3	Кусок мяса лучше куска хлеба даже с химической точки зрения.	0	2			без акцента		ru	
1d616fa1b36f41495749a7364a4a1736a589375a5400d7ed127327df4e552dd5bbe4f71b608a9fa6da682debae8f2f391ae7afe43e3210eabd70a696623bc6fa	common_voice_ru_36742919.mp3	Почему бы и нет?	2	2			без акцента		ru	
1d616fa1b36f41495749a7364a4a1736a589375a5400d7ed127327df4e552dd5bbe4f71b608a9fa6da682debae8f2f391ae7afe43e3210eabd70a696623bc6fa	common_voice_ru_36742935.mp3	Ты что-нибудь подобное слышала?	0	4			без акцента		ru	
1d616fa1b36f41495749a7364a4a1736a589375a5400d7ed127327df4e552dd5bbe4f71b608a9fa6da682debae8f2f391ae7afe43e3210eabd70a696623bc6fa	common_voice_ru_36742936.mp3	Кластер будет предоставлять пользовательские приложения любого вида.	2	2			без акцента		ru	
1d616fa1b36f41495749a7364a4a1736a589375a5400d7ed127327df4e552dd5bbe4f71b608a9fa6da682debae8f2f391ae7afe43e3210eabd70a696623bc6fa	common_voice_ru_36742940.mp3	Мы оказываем любую посильную практическую помощь, когда бы ее ни запросили.	0	2			без акцента		ru	
1d616fa1b36f41495749a7364a4a1736a589375a5400d7ed127327df4e552dd5bbe4f71b608a9fa6da682debae8f2f391ae7afe43e3210eabd70a696623bc6fa	common_voice_ru_36742945.mp3	Мы призываем международное сообщество поддержать принятие этого государства в члены Организации Объединенных Наций.	0	2			без акцента		ru	
1d616fa1b36f41495749a7364a4a1736a589375a5400d7ed127327df4e552dd5bbe4f71b608a9fa6da682debae8f2f391ae7afe43e3210eabd70a696623bc6fa	common_voice_ru_36742951.mp3	Я применил эту модель к нашей кампании по сокращению детской и материнской смертности.	2	2			без акцента		ru	
1d616fa1b36f41495749a7364a4a1736a589375a5400d7ed127327df4e552dd5bbe4f71b608a9fa6da682debae8f2f391ae7afe43e3210eabd70a696623bc6fa	common_voice_ru_36742954.mp3	Эти разногласия вычленил доклад посла Шеннона Конференции, откуда и исходит мандат Шеннона.	2	2			без акцента		ru	
1d616fa1b36f41495749a7364a4a1736a589375a5400d7ed127327df4e552dd5bbe4f71b608a9fa6da682debae8f2f391ae7afe43e3210eabd70a696623bc6fa	common_voice_ru_36742965.mp3	Продолжавшаяся сорок два года тирания была уничтожена за шесть месяцев.	0	4			без акцента		ru	
1d616fa1b36f41495749a7364a4a1736a589375a5400d7ed127327df4e552dd5bbe4f71b608a9fa6da682debae8f2f391ae7afe43e3210eabd70a696623bc6fa	common_voice_ru_36742968.mp3	Следует избегать «политизации» деятельности по оказанию чрезвычайной гуманитарной помощи.	2	4			без акцента		ru	
1d616fa1b36f41495749a7364a4a1736a589375a5400d7ed127327df4e552dd5bbe4f71b608a9fa6da682debae8f2f391ae7afe43e3210eabd70a696623bc6fa	common_voice_ru_36742971.mp3	Цель разоружения заключается в том, чтобы содействовать глобальному миру и безопасности.	2	4			без акцента		ru	
1d616fa1b36f41495749a7364a4a1736a589375a5400d7ed127327df4e552dd5bbe4f71b608a9fa6da682debae8f2f391ae7afe43e3210eabd70a696623bc6fa	common_voice_ru_36742980.mp3	– Я приплыла от Тимура.	0	2			без акцента		ru	
1d616fa1b36f41495749a7364a4a1736a589375a5400d7ed127327df4e552dd5bbe4f71b608a9fa6da682debae8f2f391ae7afe43e3210eabd70a696623bc6fa	common_voice_ru_36742982.mp3	Дав дорогу входившей даме, Вронский подошел к княгине и потом к Кити.	2	2			без акцента		ru	
1d616fa1b36f41495749a7364a4a1736a589375a5400d7ed127327df4e552dd5bbe4f71b608a9fa6da682debae8f2f391ae7afe43e3210eabd70a696623bc6fa	common_voice_ru_36742983.mp3	Блокада Газы создала тяжелую гуманитарную ситуацию, поэтому блокада должна быть полностью снята.	0	4			без акцента		ru	
1d616fa1b36f41495749a7364a4a1736a589375a5400d7ed127327df4e552dd5bbe4f71b608a9fa6da682debae8f2f391ae7afe43e3210eabd70a696623bc6fa	common_voice_ru_36742985.mp3	Они съехали по крыше в сидячем положении до самой кромки и тут начали падать.	2	2			без акцента		ru	
1d616fa1b36f41495749a7364a4a1736a589375a5400d7ed127327df4e552dd5bbe4f71b608a9fa6da682debae8f2f391ae7afe43e3210eabd70a696623bc6fa	common_voice_ru_36742986.mp3	Средства массовой информации влияют на настроение масс.	0	2			без акцента		ru	
1d616fa1b36f41495749a7364a4a1736a589375a5400d7ed127327df4e552dd5bbe4f71b608a9fa6da682debae8f2f391ae7afe43e3210eabd70a696623bc6fa	common_voice_ru_36742987.mp3	А сейчас слово имеет посол Словакии.	0	2			без акцента		ru	
1d616fa1b36f41495749a7364a4a1736a589375a5400d7ed127327df4e552dd5bbe4f71b608a9fa6da682debae8f2f391ae7afe43e3210eabd70a696623bc6fa	common_voice_ru_36742988.mp3	Это не имеет ничего общего со сложившейся практикой и соответствующими резолюциями Генеральной Ассамблеи.	0	4			без акцента		ru	
1d616fa1b36f41495749a7364a4a1736a589375a5400d7ed127327df4e552dd5bbe4f71b608a9fa6da682debae8f2f391ae7afe43e3210eabd70a696623bc6fa	common_voice_ru_36742989.mp3	Это не легкомысленная прихоть.	2	2			без акцента		ru	
1d616fa1b36f41495749a7364a4a1736a589375a5400d7ed127327df4e552dd5bbe4f71b608a9fa6da682debae8f2f391ae7afe43e3210eabd70a696623bc6fa	common_voice_ru_36742990.mp3	Давайте коллективно — как государства-члены — избегать создания острова успеха в океане нищеты.	0	2			без акцента		ru	
1d616fa1b36f41495749a7364a4a1736a589375a5400d7ed127327df4e552dd5bbe4f71b608a9fa6da682debae8f2f391ae7afe43e3210eabd70a696623bc6fa	common_voice_ru_36742991.mp3	В атмосфере неопределенности есть некоторые вещи, которые должны оставаться постоянными.	0	2			без акцента		ru	
1d616fa1b36f41495749a7364a4a1736a589375a5400d7ed127327df4e552dd5bbe4f71b608a9fa6da682debae8f2f391ae7afe43e3210eabd70a696623bc6fa	common_voice_ru_36742995.mp3	Архангельск — классный город	0	4			без акцента		ru	
1d616fa1b36f41495749a7364a4a1736a589375a5400d7ed127327df4e552dd5bbe4f71b608a9fa6da682debae8f2f391ae7afe43e3210eabd70a696623bc6fa	common_voice_ru_36742998.mp3	Полетели орел да ворон.	0	4			без акцента		ru	
1d616fa1b36f41495749a7364a4a1736a589375a5400d7ed127327df4e552dd5bbe4f71b608a9fa6da682debae8f2f391ae7afe43e3210eabd70a696623bc6fa	common_voice_ru_36743002.mp3	Все дороги были отрезаны.	0	4			без акцента		ru	
1d616fa1b36f41495749a7364a4a1736a589375a5400d7ed127327df4e552dd5bbe4f71b608a9fa6da682debae8f2f391ae7afe43e3210eabd70a696623bc6fa	common_voice_ru_36743015.mp3	Мы надеемся, что такой подход будет сохранен и в будущих докладах.	2	4			без акцента		ru	
1d616fa1b36f41495749a7364a4a1736a589375a5400d7ed127327df4e552dd5bbe4f71b608a9fa6da682debae8f2f391ae7afe43e3210eabd70a696623bc6fa	common_voice_ru_36743016.mp3	Был бы свободен.	0	4			без акцента		ru	
1d616fa1b36f41495749a7364a4a1736a589375a5400d7ed127327df4e552dd5bbe4f71b608a9fa6da682debae8f2f391ae7afe43e3210eabd70a696623bc6fa	common_voice_ru_36743017.mp3	Оля, ты до стола не дотрагивайся.	0	4			без акцента		ru	
1d616fa1b36f41495749a7364a4a1736a589375a5400d7ed127327df4e552dd5bbe4f71b608a9fa6da682debae8f2f391ae7afe43e3210eabd70a696623bc6fa	common_voice_ru_36743022.mp3	Буду сегодня проездом от двенадцати ночи до трех утра. Ждите на городской квартире папа.	2	2			без акцента		ru	
1d616fa1b36f41495749a7364a4a1736a589375a5400d7ed127327df4e552dd5bbe4f71b608a9fa6da682debae8f2f391ae7afe43e3210eabd70a696623bc6fa	common_voice_ru_36743023.mp3	— Хорошо бы сейчас водки хлебнуть, — сказал студент.	0	4			без акцента		ru	
1d616fa1b36f41495749a7364a4a1736a589375a5400d7ed127327df4e552dd5bbe4f71b608a9fa6da682debae8f2f391ae7afe43e3210eabd70a696623bc6fa	common_voice_ru_36743024.mp3	Его основные права на самоопределение и суверенное государство остаются нереализованными.	0	2			без акцента		ru	
1d616fa1b36f41495749a7364a4a1736a589375a5400d7ed127327df4e552dd5bbe4f71b608a9fa6da682debae8f2f391ae7afe43e3210eabd70a696623bc6fa	common_voice_ru_36749917.mp3	журнал	2	2			без акцента		ru	
ce4367b66040fc7d783c63c5c2d73fe58cb2038a590c4aeb96d9295f4e48143f0cd30db40b74202712393f3e8fd67e76f69717a632e8062dae40a39e758b213c	common_voice_ru_36761359.mp3	Он помнил ее только торжествующую, свершившуюся угрозу никому ненужного, но неизгладимого раскаяния.	0	2	fourties	male			ru	
ce4367b66040fc7d783c63c5c2d73fe58cb2038a590c4aeb96d9295f4e48143f0cd30db40b74202712393f3e8fd67e76f69717a632e8062dae40a39e758b213c	common_voice_ru_36763114.mp3	Язык его стал мешаться, и он пошел перескакивать с одного предмета на другой.	0	2	fourties	male			ru	
ce4367b66040fc7d783c63c5c2d73fe58cb2038a590c4aeb96d9295f4e48143f0cd30db40b74202712393f3e8fd67e76f69717a632e8062dae40a39e758b213c	common_voice_ru_36763232.mp3	А ты ручками поработать пробовал?	0	2	fourties	male			ru	
ce4367b66040fc7d783c63c5c2d73fe58cb2038a590c4aeb96d9295f4e48143f0cd30db40b74202712393f3e8fd67e76f69717a632e8062dae40a39e758b213c	common_voice_ru_36772581.mp3	Вот всё, чего я желаю.	0	2	fourties	male			ru	
1d616fa1b36f41495749a7364a4a1736a589375a5400d7ed127327df4e552dd5bbe4f71b608a9fa6da682debae8f2f391ae7afe43e3210eabd70a696623bc6fa	common_voice_ru_36844765.mp3	Нам известно о различных мнениях относительно того, насколько уместны и полезны такие прения.	0	2			без акцента		ru	
1d616fa1b36f41495749a7364a4a1736a589375a5400d7ed127327df4e552dd5bbe4f71b608a9fa6da682debae8f2f391ae7afe43e3210eabd70a696623bc6fa	common_voice_ru_36845712.mp3	Но так и не принято никаких существенных мер по устранению ее изъянов.	0	2			без акцента		ru	
1d616fa1b36f41495749a7364a4a1736a589375a5400d7ed127327df4e552dd5bbe4f71b608a9fa6da682debae8f2f391ae7afe43e3210eabd70a696623bc6fa	common_voice_ru_36845798.mp3	Вы все отрицаете, или, выражаясь точнее, вы все разрушаете...	2	2			без акцента		ru	
1d616fa1b36f41495749a7364a4a1736a589375a5400d7ed127327df4e552dd5bbe4f71b608a9fa6da682debae8f2f391ae7afe43e3210eabd70a696623bc6fa	common_voice_ru_36845804.mp3	Мы были свидетелями краха этих методов, который приводит к войне.	2	2			без акцента		ru	
1d616fa1b36f41495749a7364a4a1736a589375a5400d7ed127327df4e552dd5bbe4f71b608a9fa6da682debae8f2f391ae7afe43e3210eabd70a696623bc6fa	common_voice_ru_36845902.mp3	Методика лечения является или недостаточной, или применятся слишком поздно.	2	2			без акцента		ru	
1d616fa1b36f41495749a7364a4a1736a589375a5400d7ed127327df4e552dd5bbe4f71b608a9fa6da682debae8f2f391ae7afe43e3210eabd70a696623bc6fa	common_voice_ru_36845914.mp3	Они подходили один за другим, целуя распятие и потом кланяясь самозванцу.	2	2			без акцента		ru	
1d616fa1b36f41495749a7364a4a1736a589375a5400d7ed127327df4e552dd5bbe4f71b608a9fa6da682debae8f2f391ae7afe43e3210eabd70a696623bc6fa	common_voice_ru_36845957.mp3	В то же время консенсус не должен быть преградой на пути прогресса.	0	2			без акцента		ru	
1d616fa1b36f41495749a7364a4a1736a589375a5400d7ed127327df4e552dd5bbe4f71b608a9fa6da682debae8f2f391ae7afe43e3210eabd70a696623bc6fa	common_voice_ru_36846329.mp3	– Оля, я с пианисткой не хочу.	2	2			без акцента		ru	
1d616fa1b36f41495749a7364a4a1736a589375a5400d7ed127327df4e552dd5bbe4f71b608a9fa6da682debae8f2f391ae7afe43e3210eabd70a696623bc6fa	common_voice_ru_36897847.mp3	Зубной врач.	2	2			без акцента		ru	
1d616fa1b36f41495749a7364a4a1736a589375a5400d7ed127327df4e552dd5bbe4f71b608a9fa6da682debae8f2f391ae7afe43e3210eabd70a696623bc6fa	common_voice_ru_36937153.mp3	Марокко добровольно и энергично работает в условиях новой коллективной динамики осознания этой проблемы.	2	2			без акцента		ru	
1d616fa1b36f41495749a7364a4a1736a589375a5400d7ed127327df4e552dd5bbe4f71b608a9fa6da682debae8f2f391ae7afe43e3210eabd70a696623bc6fa	common_voice_ru_36937203.mp3	Любые пояснения в отношении авторства докладов Комитета следует направлять Секретарю Комитета.	2	2			без акцента		ru	
1d616fa1b36f41495749a7364a4a1736a589375a5400d7ed127327df4e552dd5bbe4f71b608a9fa6da682debae8f2f391ae7afe43e3210eabd70a696623bc6fa	common_voice_ru_36937282.mp3	С нами сила крестная.	0	2			без акцента		ru	
1d616fa1b36f41495749a7364a4a1736a589375a5400d7ed127327df4e552dd5bbe4f71b608a9fa6da682debae8f2f391ae7afe43e3210eabd70a696623bc6fa	common_voice_ru_36937357.mp3	Поэтому мы призываем все государства предпринять усилия, направленные на прекращение производства расщепляющегося материала.	0	2			без акцента		ru	
1d616fa1b36f41495749a7364a4a1736a589375a5400d7ed127327df4e552dd5bbe4f71b608a9fa6da682debae8f2f391ae7afe43e3210eabd70a696623bc6fa	common_voice_ru_36937389.mp3	В прошлом году, как мне думается, именно я предложила лозунг: "Сделайте же это".	0	2			без акцента		ru	
1d616fa1b36f41495749a7364a4a1736a589375a5400d7ed127327df4e552dd5bbe4f71b608a9fa6da682debae8f2f391ae7afe43e3210eabd70a696623bc6fa	common_voice_ru_36937445.mp3	Мы также поздравляем других членов Бюро.	2	2			без акцента		ru	
ce4367b66040fc7d783c63c5c2d73fe58cb2038a590c4aeb96d9295f4e48143f0cd30db40b74202712393f3e8fd67e76f69717a632e8062dae40a39e758b213c	common_voice_ru_36953265.mp3	Но положим, что я на всё согласен, я ничего не хочу.	0	2	fourties	male			ru	
ce4367b66040fc7d783c63c5c2d73fe58cb2038a590c4aeb96d9295f4e48143f0cd30db40b74202712393f3e8fd67e76f69717a632e8062dae40a39e758b213c	common_voice_ru_36953283.mp3	Рядом с этим лесом раньше была одна деревушка, в которой проживала всего сотня человек.	0	2	fourties	male			ru	
ce4367b66040fc7d783c63c5c2d73fe58cb2038a590c4aeb96d9295f4e48143f0cd30db40b74202712393f3e8fd67e76f69717a632e8062dae40a39e758b213c	common_voice_ru_36953390.mp3	А царь Александр на площади Восстаний стоит?	0	2	fourties	male			ru	
ce4367b66040fc7d783c63c5c2d73fe58cb2038a590c4aeb96d9295f4e48143f0cd30db40b74202712393f3e8fd67e76f69717a632e8062dae40a39e758b213c	common_voice_ru_36953419.mp3	Да ни за что в свете!	1	2	fourties	male			ru	
ce4367b66040fc7d783c63c5c2d73fe58cb2038a590c4aeb96d9295f4e48143f0cd30db40b74202712393f3e8fd67e76f69717a632e8062dae40a39e758b213c	common_voice_ru_36953421.mp3	Уже более двух часов.	0	2	fourties	male			ru	
ce4367b66040fc7d783c63c5c2d73fe58cb2038a590c4aeb96d9295f4e48143f0cd30db40b74202712393f3e8fd67e76f69717a632e8062dae40a39e758b213c	common_voice_ru_36953454.mp3	Верно, опять зашел на пчельник.	0	2	fourties	male			ru	
8e0477aae1b983a2d3cb58ef5d4424640d12bf0ac6d70ce90957644ad7b2d474355df83282b873bd06b9a25cded5a8a891ec86cd2c26cdce4964eb7482a22113	common_voice_ru_36979582.mp3	Бесконечное количество изменений прямой делает её совершенной.	0	2					ru	
8e0477aae1b983a2d3cb58ef5d4424640d12bf0ac6d70ce90957644ad7b2d474355df83282b873bd06b9a25cded5a8a891ec86cd2c26cdce4964eb7482a22113	common_voice_ru_36979584.mp3	Узнав все новости, Вронский с помощию лакея оделся в мундир и поехал являться.	0	2					ru	
0abad69bd4f5e9d73eab99b4868e46e0797e234e88e2491d6753ba772c670a85b9962260bd6c9b7be69abea7a849fb18a7e9af82dabcf25f20ccc4ab6b4597f7	common_voice_ru_36983413.mp3	Или шаль возьми, или иди в комнаты.	0	3	thirties	male	Central,normal		ru	
6057ec719ddacdb54f65e982d2173066156097d013ba452915d1174b38fbdefe5e285dded1f33f7264c22b54c42de41f94018d9a36eb98e19d3ab99ed1b9d89c	common_voice_ru_36988134.mp3	Он отверг мои чувства.	0	2	teens	female			ru	
94a19780a08c6e1bb6f4d447ce5776af1dd1ac445a5e86f8993fa23b5ff9dfb73281473458ef0fdfe8b84d174a75fcc9c3df0d71a57f8b8b0ff6c80337e4c803	common_voice_ru_37002047.mp3	Я спросил, как бабка лечит криксу.	1	2			Центрально-чернозёмный акцент		ru	
a67be6f1c79fd862c33f0f57f40bf88d5c0e4ecdc555665445c032c70c0f2b3ad8351917f179f4b47319e55965d4fb990829e65bda84fd299b44af03e446add6	common_voice_ru_37002064.mp3	Не приказывая останавливаться извозчику, он побежал назад рядом с нею.	0	3	thirties	male	Акцент центрального черноземья,Обычный		ru	
a67be6f1c79fd862c33f0f57f40bf88d5c0e4ecdc555665445c032c70c0f2b3ad8351917f179f4b47319e55965d4fb990829e65bda84fd299b44af03e446add6	common_voice_ru_37002122.mp3	Будто он, игумен, сидел как-то на ступенечках своего крыльца и кормил уток.	0	3	thirties	male	Акцент центрального черноземья,Обычный		ru	
a67be6f1c79fd862c33f0f57f40bf88d5c0e4ecdc555665445c032c70c0f2b3ad8351917f179f4b47319e55965d4fb990829e65bda84fd299b44af03e446add6	common_voice_ru_37003069.mp3	Нам также нетрудно будет наблюдать эту градацию.	0	3	thirties	male	Акцент центрального черноземья,Обычный		ru	
a67be6f1c79fd862c33f0f57f40bf88d5c0e4ecdc555665445c032c70c0f2b3ad8351917f179f4b47319e55965d4fb990829e65bda84fd299b44af03e446add6	common_voice_ru_37003403.mp3	Отбросив белье до последнего листика, сады похабно развалились в июне.	0	3	thirties	male	Акцент центрального черноземья,Обычный		ru	
a67be6f1c79fd862c33f0f57f40bf88d5c0e4ecdc555665445c032c70c0f2b3ad8351917f179f4b47319e55965d4fb990829e65bda84fd299b44af03e446add6	common_voice_ru_37010400.mp3	На гору горы грузи!	0	3	thirties	male	Акцент центрального черноземья,Обычный		ru	
a67be6f1c79fd862c33f0f57f40bf88d5c0e4ecdc555665445c032c70c0f2b3ad8351917f179f4b47319e55965d4fb990829e65bda84fd299b44af03e446add6	common_voice_ru_37010415.mp3	В края, где злоба крыш, не кинешь блесткой лесни.	3	3	thirties	male	Акцент центрального черноземья,Обычный		ru	
a67be6f1c79fd862c33f0f57f40bf88d5c0e4ecdc555665445c032c70c0f2b3ad8351917f179f4b47319e55965d4fb990829e65bda84fd299b44af03e446add6	common_voice_ru_37010416.mp3	У нас в Москве простор.	0	3	thirties	male	Акцент центрального черноземья,Обычный		ru	
a67be6f1c79fd862c33f0f57f40bf88d5c0e4ecdc555665445c032c70c0f2b3ad8351917f179f4b47319e55965d4fb990829e65bda84fd299b44af03e446add6	common_voice_ru_37010454.mp3	Какое право имел я думать, что она захочет соединить свою жизнь с моею?	3	6	thirties	male	Акцент центрального черноземья,Обычный		ru	
a67be6f1c79fd862c33f0f57f40bf88d5c0e4ecdc555665445c032c70c0f2b3ad8351917f179f4b47319e55965d4fb990829e65bda84fd299b44af03e446add6	common_voice_ru_37010544.mp3	Алексей Александрович проводил шурина совсем уже не так, как он его встретил.	0	6	thirties	male	Акцент центрального черноземья,Обычный		ru	
a67be6f1c79fd862c33f0f57f40bf88d5c0e4ecdc555665445c032c70c0f2b3ad8351917f179f4b47319e55965d4fb990829e65bda84fd299b44af03e446add6	common_voice_ru_37010553.mp3	Зачем раздавлен ломовым извозчиком Кюри, а Мосли убит шальною пулей?	3	3	thirties	male	Акцент центрального черноземья,Обычный		ru	
a67be6f1c79fd862c33f0f57f40bf88d5c0e4ecdc555665445c032c70c0f2b3ad8351917f179f4b47319e55965d4fb990829e65bda84fd299b44af03e446add6	common_voice_ru_37010986.mp3	Он вышел на шоссе и направился, осторожно ступая по грязи, к своей коляске.	3	3	thirties	male	Акцент центрального черноземья,Обычный		ru	
a67be6f1c79fd862c33f0f57f40bf88d5c0e4ecdc555665445c032c70c0f2b3ad8351917f179f4b47319e55965d4fb990829e65bda84fd299b44af03e446add6	common_voice_ru_37010997.mp3	Папа, вот она скорая, уже подъезжает. Не умирай, слышишь, не умирай!	3	3	thirties	male	Акцент центрального черноземья,Обычный		ru	
a67be6f1c79fd862c33f0f57f40bf88d5c0e4ecdc555665445c032c70c0f2b3ad8351917f179f4b47319e55965d4fb990829e65bda84fd299b44af03e446add6	common_voice_ru_37018865.mp3	Она повернулась и медленно пошла из комнаты.	0	3	thirties	male	Акцент центрального черноземья,Обычный		ru	
a67be6f1c79fd862c33f0f57f40bf88d5c0e4ecdc555665445c032c70c0f2b3ad8351917f179f4b47319e55965d4fb990829e65bda84fd299b44af03e446add6	common_voice_ru_37023816.mp3	Эта стадность является биологически аналогией и как бы продолжением многоклеточности.	3	3	thirties	male	Акцент центрального черноземья,Обычный		ru	
a67be6f1c79fd862c33f0f57f40bf88d5c0e4ecdc555665445c032c70c0f2b3ad8351917f179f4b47319e55965d4fb990829e65bda84fd299b44af03e446add6	common_voice_ru_37023833.mp3	Бесом называлась между ними ревность.	3	3	thirties	male	Акцент центрального черноземья,Обычный		ru	
a67be6f1c79fd862c33f0f57f40bf88d5c0e4ecdc555665445c032c70c0f2b3ad8351917f179f4b47319e55965d4fb990829e65bda84fd299b44af03e446add6	common_voice_ru_37029705.mp3	Слюной ли речей пожары вражды на конференции нынче затушим?!	3	3	thirties	male	Акцент центрального черноземья,Обычный		ru	
a67be6f1c79fd862c33f0f57f40bf88d5c0e4ecdc555665445c032c70c0f2b3ad8351917f179f4b47319e55965d4fb990829e65bda84fd299b44af03e446add6	common_voice_ru_37029724.mp3	И потому он кривил душой, говоря, что едва ли есть что.	0	3	thirties	male	Акцент центрального черноземья,Обычный		ru	
a67be6f1c79fd862c33f0f57f40bf88d5c0e4ecdc555665445c032c70c0f2b3ad8351917f179f4b47319e55965d4fb990829e65bda84fd299b44af03e446add6	common_voice_ru_37029866.mp3	Но в то время, как он вставал, он услыхал движение мертвеца.	3	3	thirties	male	Акцент центрального черноземья,Обычный		ru	
a67be6f1c79fd862c33f0f57f40bf88d5c0e4ecdc555665445c032c70c0f2b3ad8351917f179f4b47319e55965d4fb990829e65bda84fd299b44af03e446add6	common_voice_ru_37032085.mp3	Она дурно спала и капризна нынче ужасно, — сказала Долли.	0	3	thirties	male	Акцент центрального черноземья,Обычный		ru	
a67be6f1c79fd862c33f0f57f40bf88d5c0e4ecdc555665445c032c70c0f2b3ad8351917f179f4b47319e55965d4fb990829e65bda84fd299b44af03e446add6	common_voice_ru_37040548.mp3	Нет, уж лучше классический шабли.	0	3	thirties	male	Акцент центрального черноземья,Обычный		ru	
a67be6f1c79fd862c33f0f57f40bf88d5c0e4ecdc555665445c032c70c0f2b3ad8351917f179f4b47319e55965d4fb990829e65bda84fd299b44af03e446add6	common_voice_ru_37040661.mp3	Мы должны любой ценой избежать гражданской войны и, кроме того, религиозного и этнического раскола.	3	3	thirties	male	Акцент центрального черноземья,Обычный		ru	
a67be6f1c79fd862c33f0f57f40bf88d5c0e4ecdc555665445c032c70c0f2b3ad8351917f179f4b47319e55965d4fb990829e65bda84fd299b44af03e446add6	common_voice_ru_37049061.mp3	Без патентов он еще беспомощнее и раздавливается, как козявка.	0	3	thirties	male	Акцент центрального черноземья,Обычный		ru	
a67be6f1c79fd862c33f0f57f40bf88d5c0e4ecdc555665445c032c70c0f2b3ad8351917f179f4b47319e55965d4fb990829e65bda84fd299b44af03e446add6	common_voice_ru_37049082.mp3	Поэтому Чили сыграла весьма заметную роль в переговорах, которые привели к учреждению этого Совета.	0	3	thirties	male	Акцент центрального черноземья,Обычный		ru	
a67be6f1c79fd862c33f0f57f40bf88d5c0e4ecdc555665445c032c70c0f2b3ad8351917f179f4b47319e55965d4fb990829e65bda84fd299b44af03e446add6	common_voice_ru_37049125.mp3	А прошел только час.	0	3	thirties	male	Акцент центрального черноземья,Обычный		ru	
a67be6f1c79fd862c33f0f57f40bf88d5c0e4ecdc555665445c032c70c0f2b3ad8351917f179f4b47319e55965d4fb990829e65bda84fd299b44af03e446add6	common_voice_ru_37049193.mp3	Австралия активно работает с партнерами в своем регионе над укреплением безопасности в этой связи.	0	3	thirties	male	Акцент центрального черноземья,Обычный		ru	
a67be6f1c79fd862c33f0f57f40bf88d5c0e4ecdc555665445c032c70c0f2b3ad8351917f179f4b47319e55965d4fb990829e65bda84fd299b44af03e446add6	common_voice_ru_37049247.mp3	Гипотезу о химических элементах Лавуазье объявил бессмыслицею.	3	3	thirties	male	Акцент центрального черноземья,Обычный		ru	
a67be6f1c79fd862c33f0f57f40bf88d5c0e4ecdc555665445c032c70c0f2b3ad8351917f179f4b47319e55965d4fb990829e65bda84fd299b44af03e446add6	common_voice_ru_37049319.mp3	А сейчас позвольте мне пригласить Генерального секретаря госпожу Джоконду Убеду выступить на Конференции.	0	3	thirties	male	Акцент центрального черноземья,Обычный		ru	
a67be6f1c79fd862c33f0f57f40bf88d5c0e4ecdc555665445c032c70c0f2b3ad8351917f179f4b47319e55965d4fb990829e65bda84fd299b44af03e446add6	common_voice_ru_37049345.mp3	Че- рез железных коней с окон бегущих домов прыгнули первые кубы.	0	3	thirties	male	Акцент центрального черноземья,Обычный		ru	
d79e38db97ca12114c965e9de0a91b228ba4d1336ee8346e68e3cc1ec023e0ebe50f4afbc540fc49734bd8d36ddd552d081884b5726730fd6e848cb37b4adc76	common_voice_ru_37054215.mp3	До достижения срока их реализации остается четыре года.	0	2			уральский		ru	
a67be6f1c79fd862c33f0f57f40bf88d5c0e4ecdc555665445c032c70c0f2b3ad8351917f179f4b47319e55965d4fb990829e65bda84fd299b44af03e446add6	common_voice_ru_37055500.mp3	Бывают, в этом смысле, забавные случаи.	3	3	thirties	male	Акцент центрального черноземья,Обычный		ru	
a67be6f1c79fd862c33f0f57f40bf88d5c0e4ecdc555665445c032c70c0f2b3ad8351917f179f4b47319e55965d4fb990829e65bda84fd299b44af03e446add6	common_voice_ru_37055539.mp3	Армии подвижников, обреченным добровольцам от человека пощады нет!	3	3	thirties	male	Акцент центрального черноземья,Обычный		ru	
a67be6f1c79fd862c33f0f57f40bf88d5c0e4ecdc555665445c032c70c0f2b3ad8351917f179f4b47319e55965d4fb990829e65bda84fd299b44af03e446add6	common_voice_ru_37055983.mp3	Анна ничего не говорила и, не спуская бинокля, смотрела в одно место.	0	3	thirties	male	Акцент центрального черноземья,Обычный		ru	
d79e38db97ca12114c965e9de0a91b228ba4d1336ee8346e68e3cc1ec023e0ebe50f4afbc540fc49734bd8d36ddd552d081884b5726730fd6e848cb37b4adc76	common_voice_ru_37061669.mp3	Впрочем, ему не до этого было.	2	2	thirties	male	уральский		ru	
d79e38db97ca12114c965e9de0a91b228ba4d1336ee8346e68e3cc1ec023e0ebe50f4afbc540fc49734bd8d36ddd552d081884b5726730fd6e848cb37b4adc76	common_voice_ru_37061674.mp3	Совет Безопасности призван отражать политические и экономические реалии современного мира.	2	2	thirties	male	уральский		ru	
a67be6f1c79fd862c33f0f57f40bf88d5c0e4ecdc555665445c032c70c0f2b3ad8351917f179f4b47319e55965d4fb990829e65bda84fd299b44af03e446add6	common_voice_ru_37073446.mp3	Больной ничего не сказал.	3	3	thirties	male	Акцент центрального черноземья,Обычный		ru	
a67be6f1c79fd862c33f0f57f40bf88d5c0e4ecdc555665445c032c70c0f2b3ad8351917f179f4b47319e55965d4fb990829e65bda84fd299b44af03e446add6	common_voice_ru_37073452.mp3	Мы прошлись по хозяйству, по саду.	3	3	thirties	male	Акцент центрального черноземья,Обычный		ru	
a67be6f1c79fd862c33f0f57f40bf88d5c0e4ecdc555665445c032c70c0f2b3ad8351917f179f4b47319e55965d4fb990829e65bda84fd299b44af03e446add6	common_voice_ru_37103989.mp3	Однако мнения, которые я слышал до сих пор, в основном носят позитивный характер.	3	3	thirties	male	Акцент центрального черноземья,Обычный		ru	
1d616fa1b36f41495749a7364a4a1736a589375a5400d7ed127327df4e552dd5bbe4f71b608a9fa6da682debae8f2f391ae7afe43e3210eabd70a696623bc6fa	common_voice_ru_37129006.mp3	Я предоставляю слово представителю Сирийской Арабской Республики.	0	2			без акцента		ru	
1d616fa1b36f41495749a7364a4a1736a589375a5400d7ed127327df4e552dd5bbe4f71b608a9fa6da682debae8f2f391ae7afe43e3210eabd70a696623bc6fa	common_voice_ru_37129007.mp3	Объектом их рассмотрения были четыре фундаментальных аспекта системы Римского статута.	0	2			без акцента		ru	
1d616fa1b36f41495749a7364a4a1736a589375a5400d7ed127327df4e552dd5bbe4f71b608a9fa6da682debae8f2f391ae7afe43e3210eabd70a696623bc6fa	common_voice_ru_37129043.mp3	Это следует приветствовать.	0	2			без акцента		ru	
1d616fa1b36f41495749a7364a4a1736a589375a5400d7ed127327df4e552dd5bbe4f71b608a9fa6da682debae8f2f391ae7afe43e3210eabd70a696623bc6fa	common_voice_ru_37129058.mp3	В лесу уже было тихо, и ни одна птичка не шевелилась.	2	2			без акцента		ru	
1d616fa1b36f41495749a7364a4a1736a589375a5400d7ed127327df4e552dd5bbe4f71b608a9fa6da682debae8f2f391ae7afe43e3210eabd70a696623bc6fa	common_voice_ru_37129079.mp3	Необходимо отказаться от субсидирования сельского хозяйства.	0	2			без акцента		ru	
1d616fa1b36f41495749a7364a4a1736a589375a5400d7ed127327df4e552dd5bbe4f71b608a9fa6da682debae8f2f391ae7afe43e3210eabd70a696623bc6fa	common_voice_ru_37129152.mp3	Родители уж теперь не должны жить, а всё для детей.	0	2			без акцента		ru	
a67be6f1c79fd862c33f0f57f40bf88d5c0e4ecdc555665445c032c70c0f2b3ad8351917f179f4b47319e55965d4fb990829e65bda84fd299b44af03e446add6	common_voice_ru_37130664.mp3	— Прости, что ты сказал? — переспросила Мелони.	3	3	thirties	male	Акцент центрального черноземья,Обычный		ru	
a67be6f1c79fd862c33f0f57f40bf88d5c0e4ecdc555665445c032c70c0f2b3ad8351917f179f4b47319e55965d4fb990829e65bda84fd299b44af03e446add6	common_voice_ru_37130758.mp3	Как известно членам Ассамблеи, в Суде остается незаполненной одна вакансия.	0	3	thirties	male	Акцент центрального черноземья,Обычный		ru	
a67be6f1c79fd862c33f0f57f40bf88d5c0e4ecdc555665445c032c70c0f2b3ad8351917f179f4b47319e55965d4fb990829e65bda84fd299b44af03e446add6	common_voice_ru_37137598.mp3	Сей неожиданный удар едва не убил отца моего.	0	3	thirties	male	Акцент центрального черноземья,Обычный		ru	
a67be6f1c79fd862c33f0f57f40bf88d5c0e4ecdc555665445c032c70c0f2b3ad8351917f179f4b47319e55965d4fb990829e65bda84fd299b44af03e446add6	common_voice_ru_37137760.mp3	Она не отвечала ему, занятая детьми, которые окружали ее.	0	3	thirties	male	Акцент центрального черноземья,Обычный		ru	
a67be6f1c79fd862c33f0f57f40bf88d5c0e4ecdc555665445c032c70c0f2b3ad8351917f179f4b47319e55965d4fb990829e65bda84fd299b44af03e446add6	common_voice_ru_37137793.mp3	Это разрушило легитимность сирийского режима и подорвало доверие к нему.	3	3	thirties	male	Акцент центрального черноземья,Обычный		ru	
a67be6f1c79fd862c33f0f57f40bf88d5c0e4ecdc555665445c032c70c0f2b3ad8351917f179f4b47319e55965d4fb990829e65bda84fd299b44af03e446add6	common_voice_ru_37137819.mp3	В других случаях в места своего происхождения возвращены культурные артефакты, выплачена компенсация.	0	3	thirties	male	Акцент центрального черноземья,Обычный		ru	
a67be6f1c79fd862c33f0f57f40bf88d5c0e4ecdc555665445c032c70c0f2b3ad8351917f179f4b47319e55965d4fb990829e65bda84fd299b44af03e446add6	common_voice_ru_37141198.mp3	Несостоятельность неолиберальной политики подтверждается научными кругами и на экспериментальной основе.	0	3	thirties	male	Акцент центрального черноземья,Обычный		ru	
a67be6f1c79fd862c33f0f57f40bf88d5c0e4ecdc555665445c032c70c0f2b3ad8351917f179f4b47319e55965d4fb990829e65bda84fd299b44af03e446add6	common_voice_ru_37141200.mp3	Вы уходите, потому что директор вашего учреждения.	3	3	thirties	male	Акцент центрального черноземья,Обычный		ru	
a67be6f1c79fd862c33f0f57f40bf88d5c0e4ecdc555665445c032c70c0f2b3ad8351917f179f4b47319e55965d4fb990829e65bda84fd299b44af03e446add6	common_voice_ru_37147968.mp3	В противном случае мы предпримем все необходимые меры.	0	3	thirties	male	Акцент центрального черноземья,Обычный		ru	
1d616fa1b36f41495749a7364a4a1736a589375a5400d7ed127327df4e552dd5bbe4f71b608a9fa6da682debae8f2f391ae7afe43e3210eabd70a696623bc6fa	common_voice_ru_37154155.mp3	Африка будет неизменно участвовать в процессе осуществления этого проекта резолюции во всех его аспектах.	0	4			без акцента		ru	
1d616fa1b36f41495749a7364a4a1736a589375a5400d7ed127327df4e552dd5bbe4f71b608a9fa6da682debae8f2f391ae7afe43e3210eabd70a696623bc6fa	common_voice_ru_37154156.mp3	Это означает что все узлы кластера необходимо объединить в единый кластер	0	2			без акцента		ru	
1d616fa1b36f41495749a7364a4a1736a589375a5400d7ed127327df4e552dd5bbe4f71b608a9fa6da682debae8f2f391ae7afe43e3210eabd70a696623bc6fa	common_voice_ru_37154157.mp3	Вот они - наши наследники!	0	4			без акцента		ru	
1d616fa1b36f41495749a7364a4a1736a589375a5400d7ed127327df4e552dd5bbe4f71b608a9fa6da682debae8f2f391ae7afe43e3210eabd70a696623bc6fa	common_voice_ru_37154158.mp3	Речь идет о проблеме нищеты.	0	2			без акцента		ru	
1d616fa1b36f41495749a7364a4a1736a589375a5400d7ed127327df4e552dd5bbe4f71b608a9fa6da682debae8f2f391ae7afe43e3210eabd70a696623bc6fa	common_voice_ru_37154165.mp3	Ну что же мне делать?	0	2			без акцента		ru	
1d616fa1b36f41495749a7364a4a1736a589375a5400d7ed127327df4e552dd5bbe4f71b608a9fa6da682debae8f2f391ae7afe43e3210eabd70a696623bc6fa	common_voice_ru_37154184.mp3	Подходящих законов нет.	2	4			без акцента		ru	
1d616fa1b36f41495749a7364a4a1736a589375a5400d7ed127327df4e552dd5bbe4f71b608a9fa6da682debae8f2f391ae7afe43e3210eabd70a696623bc6fa	common_voice_ru_37154236.mp3	Я впал в мрачную задумчивость, которую питали одиночество и бездействие.	0	2			без акцента		ru	
1d616fa1b36f41495749a7364a4a1736a589375a5400d7ed127327df4e552dd5bbe4f71b608a9fa6da682debae8f2f391ae7afe43e3210eabd70a696623bc6fa	common_voice_ru_37154240.mp3	И мы всегда будем рупором для тех, кого заставляют молчать.	0	2			без акцента		ru	
a67be6f1c79fd862c33f0f57f40bf88d5c0e4ecdc555665445c032c70c0f2b3ad8351917f179f4b47319e55965d4fb990829e65bda84fd299b44af03e446add6	common_voice_ru_37156077.mp3	Эти дети в Сирии не являются неизбирательными жертвами стихийных бедствий.	0	3	thirties	male	Акцент центрального черноземья,Обычный		ru	
a67be6f1c79fd862c33f0f57f40bf88d5c0e4ecdc555665445c032c70c0f2b3ad8351917f179f4b47319e55965d4fb990829e65bda84fd299b44af03e446add6	common_voice_ru_37156422.mp3	Кроме того, происходят глобальные изменения, которые требуют координированных ответных мер.	3	3	thirties	male	Акцент центрального черноземья,Обычный		ru	
a67be6f1c79fd862c33f0f57f40bf88d5c0e4ecdc555665445c032c70c0f2b3ad8351917f179f4b47319e55965d4fb990829e65bda84fd299b44af03e446add6	common_voice_ru_37156430.mp3	сторонам	0	3	thirties	male	Акцент центрального черноземья,Обычный		ru	
a67be6f1c79fd862c33f0f57f40bf88d5c0e4ecdc555665445c032c70c0f2b3ad8351917f179f4b47319e55965d4fb990829e65bda84fd299b44af03e446add6	common_voice_ru_37161574.mp3	Сделай одолжение, а ну, давай!	3	3	thirties	male	Акцент центрального черноземья,Обычный		ru	
1d616fa1b36f41495749a7364a4a1736a589375a5400d7ed127327df4e552dd5bbe4f71b608a9fa6da682debae8f2f391ae7afe43e3210eabd70a696623bc6fa	common_voice_ru_37162844.mp3	В ходе состоявшегося творческого обмена новыми соображениями родилось множество полезных идей и предложений.	0	2			без акцента		ru	
1d616fa1b36f41495749a7364a4a1736a589375a5400d7ed127327df4e552dd5bbe4f71b608a9fa6da682debae8f2f391ae7afe43e3210eabd70a696623bc6fa	common_voice_ru_37162852.mp3	Я предоставляю слово Постоянному представителю Швеции.	0	2			без акцента		ru	
a67be6f1c79fd862c33f0f57f40bf88d5c0e4ecdc555665445c032c70c0f2b3ad8351917f179f4b47319e55965d4fb990829e65bda84fd299b44af03e446add6	common_voice_ru_37171258.mp3	Наши звезд алмазные копи.	3	3	thirties	male	Акцент центрального черноземья,Обычный		ru	
a67be6f1c79fd862c33f0f57f40bf88d5c0e4ecdc555665445c032c70c0f2b3ad8351917f179f4b47319e55965d4fb990829e65bda84fd299b44af03e446add6	common_voice_ru_37171321.mp3	К Кимберлийскому процессу присоединилось Королевство Свазиленд.	3	3	thirties	male	Акцент центрального черноземья,Обычный		ru	
a67be6f1c79fd862c33f0f57f40bf88d5c0e4ecdc555665445c032c70c0f2b3ad8351917f179f4b47319e55965d4fb990829e65bda84fd299b44af03e446add6	common_voice_ru_37171333.mp3	Да, мы победили.	0	3	thirties	male	Акцент центрального черноземья,Обычный		ru	
a67be6f1c79fd862c33f0f57f40bf88d5c0e4ecdc555665445c032c70c0f2b3ad8351917f179f4b47319e55965d4fb990829e65bda84fd299b44af03e446add6	common_voice_ru_37177203.mp3	Решение этой проблемы и предотвращение ее распространения на другие регионы планеты жизненно необходимы.	0	3	thirties	male	Акцент центрального черноземья,Обычный		ru	
a67be6f1c79fd862c33f0f57f40bf88d5c0e4ecdc555665445c032c70c0f2b3ad8351917f179f4b47319e55965d4fb990829e65bda84fd299b44af03e446add6	common_voice_ru_37177425.mp3	Что вы собирались купить?	0	3	thirties	male	Акцент центрального черноземья,Обычный		ru	
a67be6f1c79fd862c33f0f57f40bf88d5c0e4ecdc555665445c032c70c0f2b3ad8351917f179f4b47319e55965d4fb990829e65bda84fd299b44af03e446add6	common_voice_ru_37177578.mp3	Нам представляется весьма уместным предложение, предусматривающее представление ими своих заявлений в рамках тематической дискуссии.	0	3	thirties	male	Акцент центрального черноземья,Обычный		ru	
a67be6f1c79fd862c33f0f57f40bf88d5c0e4ecdc555665445c032c70c0f2b3ad8351917f179f4b47319e55965d4fb990829e65bda84fd299b44af03e446add6	common_voice_ru_37183043.mp3	Но в этом никто и не сомневается.	3	6	thirties	male	Акцент центрального черноземья,Обычный		ru	
a67be6f1c79fd862c33f0f57f40bf88d5c0e4ecdc555665445c032c70c0f2b3ad8351917f179f4b47319e55965d4fb990829e65bda84fd299b44af03e446add6	common_voice_ru_37202213.mp3	Позвольте мне сказать о некоторых важных аспектах своего опыта как президента.	3	3	thirties	male	Акцент центрального черноземья,Обычный		ru	
a67be6f1c79fd862c33f0f57f40bf88d5c0e4ecdc555665445c032c70c0f2b3ad8351917f179f4b47319e55965d4fb990829e65bda84fd299b44af03e446add6	common_voice_ru_37210611.mp3	Пришло время для Генеральной Ассамблеи провести анализ стратегий, направленных на миростроительство и сохранение мира.	0	3	thirties	male	Акцент центрального черноземья,Обычный		ru	
a67be6f1c79fd862c33f0f57f40bf88d5c0e4ecdc555665445c032c70c0f2b3ad8351917f179f4b47319e55965d4fb990829e65bda84fd299b44af03e446add6	common_voice_ru_37210644.mp3	Поэтому я уж лучше ни о ком ничего не напишу.	0	3	thirties	male	Акцент центрального черноземья,Обычный		ru	
a67be6f1c79fd862c33f0f57f40bf88d5c0e4ecdc555665445c032c70c0f2b3ad8351917f179f4b47319e55965d4fb990829e65bda84fd299b44af03e446add6	common_voice_ru_37232812.mp3	Пролетарии тела и духа.	3	3	thirties	male	Акцент центрального черноземья,Обычный		ru	
a67be6f1c79fd862c33f0f57f40bf88d5c0e4ecdc555665445c032c70c0f2b3ad8351917f179f4b47319e55965d4fb990829e65bda84fd299b44af03e446add6	common_voice_ru_37239959.mp3	Я этого от тебя не ожидал.	0	3	thirties	male	Акцент центрального черноземья,Обычный		ru	
a67be6f1c79fd862c33f0f57f40bf88d5c0e4ecdc555665445c032c70c0f2b3ad8351917f179f4b47319e55965d4fb990829e65bda84fd299b44af03e446add6	common_voice_ru_37239994.mp3	Как шумоподавление работает? Слышишь что-нибудь, когда сидишь в наушниках?	3	3	thirties	male	Акцент центрального черноземья,Обычный		ru	
a67be6f1c79fd862c33f0f57f40bf88d5c0e4ecdc555665445c032c70c0f2b3ad8351917f179f4b47319e55965d4fb990829e65bda84fd299b44af03e446add6	common_voice_ru_37240028.mp3	Мы преисполнены решимости обеспечить полное осуществление этой программы.	0	3	thirties	male	Акцент центрального черноземья,Обычный		ru	
a67be6f1c79fd862c33f0f57f40bf88d5c0e4ecdc555665445c032c70c0f2b3ad8351917f179f4b47319e55965d4fb990829e65bda84fd299b44af03e446add6	common_voice_ru_37240043.mp3	девяносто кружек	0	3	thirties	male	Акцент центрального черноземья,Обычный		ru	
a67be6f1c79fd862c33f0f57f40bf88d5c0e4ecdc555665445c032c70c0f2b3ad8351917f179f4b47319e55965d4fb990829e65bda84fd299b44af03e446add6	common_voice_ru_37249704.mp3	Подъезжая к дому, он повернул к ней голову всё с тем же выражением.	0	3	thirties	male	Акцент центрального черноземья,Обычный		ru	
a67be6f1c79fd862c33f0f57f40bf88d5c0e4ecdc555665445c032c70c0f2b3ad8351917f179f4b47319e55965d4fb990829e65bda84fd299b44af03e446add6	common_voice_ru_37260452.mp3	Прежде чем увидать Степана Аркадьича, он увидал его собаку.	3	3	thirties	male	Акцент центрального черноземья,Обычный		ru	
a67be6f1c79fd862c33f0f57f40bf88d5c0e4ecdc555665445c032c70c0f2b3ad8351917f179f4b47319e55965d4fb990829e65bda84fd299b44af03e446add6	common_voice_ru_37260569.mp3	Мы только что проделали тысячи миль, чтобы добраться до Нью-Йорка.	0	3	thirties	male	Акцент центрального черноземья,Обычный		ru	
3dcf08cd24dd78d9578930b351019c8cd5ef699c8c941cf84a22947dda72b8cdcf0a317b891be66ae4866b841373de95e3187f8187b7a04d2b29d105489c6cfa	common_voice_ru_37264046.mp3	Некоторые основания обязательных в юридическом отношении гарантий следующие.	0	2			плохой		ru	
a67be6f1c79fd862c33f0f57f40bf88d5c0e4ecdc555665445c032c70c0f2b3ad8351917f179f4b47319e55965d4fb990829e65bda84fd299b44af03e446add6	common_voice_ru_37264612.mp3	Наша страна воздает Суду должное за принятие мер, позволяющих ему поддерживать уровень своей занятости.	3	3	thirties	male	Акцент центрального черноземья,Обычный		ru	
a67be6f1c79fd862c33f0f57f40bf88d5c0e4ecdc555665445c032c70c0f2b3ad8351917f179f4b47319e55965d4fb990829e65bda84fd299b44af03e446add6	common_voice_ru_37285299.mp3	Я надеюсь, что вы недолго будете ждать ответа на ваше письмо».	0	3	thirties	male	Акцент центрального черноземья,Обычный		ru	
